frame_id,track_id,label,x1,y1,x2,y2
1,0,person,391.6,236.1,515.3,515.7
1,1,person,946.1,218.9,1172.9,717.1
1,2,person,172.6,226.7,335.5,696.0
1,3,person,546.2,266.8,664.0,520.0
1,4,person,319.8,337.9,404.5,567.1
1,5,person,748.2,246.6,840.0,509.6
1,6,handbag,135.5,363.2,195.6,441.4
1,7,person,1190.6,287.5,1279.5,720.1
1,8,person,665.3,272.8,754.4,501.2
1,9,handbag,1188.0,378.7,1279.5,555.0
1,10,handbag,809.5,302.5,872.4,382.3
1,11,person,602.5,201.2,686.1,449.8
1,12,handbag,667.4,395.8,719.5,482.1
1,13,person,544.6,173.1,580.4,279.8
1,14,person,140.4,199.3,236.6,439.2
2,0,person,394.3,236.9,516.6,516.0
2,1,person,946.2,219.1,1171.0,716.9
2,2,person,175.0,228.3,335.2,696.1
2,3,person,545.8,267.6,663.4,520.3
2,4,person,322.3,338.0,407.4,567.0
2,5,person,748.0,246.5,840.9,510.0
2,6,handbag,140.4,362.9,199.5,440.9
2,7,person,1188.7,271.2,1281.2,716.6
2,8,person,668.1,273.4,755.0,497.5
2,9,handbag,1188.2,376.1,1280.0,555.5
2,10,handbag,806.1,290.5,875.6,383.6
2,11,person,609.3,209.5,684.0,449.2
2,12,handbag,667.6,396.1,719.6,482.2
2,13,person,545.0,172.9,580.4,279.7
2,14,person,154.4,199.1,241.9,431.0
3,0,person,398.4,237.6,519.3,516.7
3,1,person,946.9,219.2,1171.0,716.9
3,2,person,177.3,231.1,334.3,696.7
3,3,person,545.8,267.2,663.4,520.6
3,4,person,324.2,336.5,410.4,567.1
3,5,person,747.8,246.4,841.0,509.7
3,6,handbag,145.7,363.8,201.0,438.0
3,7,person,1193.7,288.5,1278.2,718.5
3,8,person,670.3,274.9,758.1,502.8
3,9,handbag,1188.8,372.8,1280.7,555.1
3,10,handbag,805.8,288.7,876.0,383.9
3,11,person,611.1,211.4,683.7,448.9
3,12,handbag,667.9,395.9,719.7,482.2
3,13,person,545.1,172.8,580.6,279.8
3,14,person,166.4,195.7,244.0,408.5
4,0,person,403.4,235.7,522.9,516.0
4,1,person,947.2,219.1,1170.0,716.8
4,2,person,181.5,233.4,333.3,695.2
4,3,person,545.2,267.6,662.0,520.7
4,4,person,326.4,336.2,412.2,567.2
4,5,person,747.1,246.1,841.5,509.5
4,6,handbag,150.7,364.4,203.3,435.9
4,7,person,1191.0,276.9,1280.9,718.1
4,8,person,671.9,275.5,758.8,504.2
4,9,handbag,1188.6,370.7,1281.9,554.3
4,10,handbag,806.3,289.6,875.7,384.3
4,11,person,609.7,211.3,683.7,449.4
4,12,handbag,668.3,395.7,719.9,482.1
4,13,person,545.1,173.0,580.6,280.0
4,14,person,160.9,195.7,251.3,422.5
4,15,person,283.0,218.5,358.8,406.7
5,0,person,408.5,235.1,527.2,516.2
5,1,person,947.4,218.8,1170.7,717.2
5,2,person,185.4,234.2,334.0,693.0
5,3,person,545.4,267.9,661.6,520.8
5,4,person,329.7,336.2,413.6,566.1
5,5,person,746.4,245.9,842.0,509.3
5,6,handbag,155.7,364.9,205.7,433.8
5,7,person,1189.4,268.7,1282.2,717.7
5,8,person,673.0,275.3,759.7,505.6
5,9,handbag,1188.4,368.5,1283.2,553.6
5,10,handbag,806.7,290.0,875.3,384.3
5,11,person,608.4,209.2,685.1,449.8
5,12,handbag,668.6,395.6,720.6,482.1
5,13,person,545.0,173.6,580.7,280.5
5,14,person,170.9,194.6,253.7,407.0
5,15,person,283.7,218.1,359.6,406.4
6,0,person,412.1,233.6,531.4,516.8
6,1,person,947.1,218.7,1169.5,717.1
6,2,person,192.8,236.1,333.5,686.5
6,3,person,546.0,268.1,661.7,521.2
6,4,person,332.6,336.0,415.7,565.7
6,5,person,746.6,245.7,842.3,508.8
6,6,handbag,160.7,365.5,208.1,431.7
6,7,person,1198.3,287.8,1278.6,719.6
6,8,person,674.0,274.5,760.8,508.2
6,9,handbag,1188.2,366.3,1284.4,552.9
6,10,handbag,807.5,291.8,874.9,384.3
6,11,person,605.6,207.8,686.2,450.5
6,12,handbag,669.1,396.4,721.1,482.3
6,13,person,544.8,173.7,581.2,280.6
6,14,person,170.6,195.2,261.3,419.4
6,15,person,284.5,217.6,360.5,406.1
7,0,person,415.6,230.4,533.2,511.7
7,1,person,946.9,218.8,1168.4,717.2
7,2,person,198.8,236.5,333.5,680.2
7,3,person,547.5,268.5,661.8,520.7
7,4,person,333.8,336.5,416.8,565.6
7,5,person,747.2,245.9,843.2,508.2
7,6,handbag,165.7,366.0,210.4,429.7
7,7,person,1193.3,273.1,1281.3,717.7
7,8,person,674.5,274.0,759.5,508.2
7,9,handbag,1188.0,364.2,1285.7,552.2
7,10,handbag,807.0,293.5,874.4,384.4
7,11,person,602.7,206.7,688.4,452.2
7,12,handbag,669.5,396.6,722.0,482.4
7,13,person,544.8,174.3,581.5,280.7
7,14,person,169.2,195.5,265.1,426.9
7,15,person,285.2,217.1,361.3,405.7
7,16,person,0.1,306.0,25.0,496.6
8,0,person,417.8,228.1,535.2,507.9
8,1,person,947.3,218.7,1168.1,717.3
8,2,person,196.8,235.3,332.3,676.7
8,3,person,548.7,267.9,662.1,519.8
8,4,person,334.5,334.6,419.0,563.4
8,5,person,747.1,245.8,843.3,508.0
8,6,handbag,170.7,366.6,212.8,427.6
8,7,person,1206.3,301.3,1276.4,719.7
8,8,person,674.5,273.0,757.0,506.5
8,9,handbag,1187.8,362.0,1286.9,551.5
8,10,handbag,807.2,296.0,873.9,384.5
8,11,person,600.1,204.5,690.0,452.1
8,12,handbag,670.1,398.7,722.2,482.8
8,13,person,544.9,174.2,581.6,280.1
8,14,person,171.9,195.1,269.7,428.1
8,15,person,285.9,216.7,362.2,405.4
8,16,person,-0.1,303.5,26.5,497.0
9,0,person,419.6,226.4,537.6,505.0
9,1,person,947.7,218.6,1167.5,717.2
9,2,person,185.4,231.2,330.1,672.5
9,3,person,549.6,267.3,662.3,519.0
9,4,person,337.8,331.7,421.7,557.5
9,5,person,748.8,246.0,843.7,507.2
9,6,handbag,175.7,367.2,215.2,425.5
9,7,person,1212.4,319.5,1274.4,721.8
9,8,person,674.0,272.0,753.9,504.3
9,9,handbag,1151.8,464.9,1243.8,659.0
9,10,handbag,807.9,296.0,874.3,384.0
9,11,person,997.7,260.1,1140.4,621.6
9,12,handbag,670.8,399.8,722.3,483.2
9,13,person,544.3,174.1,581.0,279.6
9,14,person,190.3,188.1,265.3,379.0
9,15,person,591.4,208.9,690.8,444.5
9,16,person,0.7,305.7,27.3,496.7
10,0,person,422.6,225.5,540.3,501.9
10,1,person,948.0,218.4,1167.1,717.2
10,2,person,184.4,229.2,329.3,662.3
10,3,person,550.2,266.3,662.1,517.5
10,4,person,343.8,329.0,425.7,551.5
10,5,person,748.5,245.6,843.5,507.0
10,6,handbag,180.8,367.7,217.5,423.4
10,7,person,1198.1,281.4,1283.1,717.7
10,8,person,673.9,270.7,753.6,503.1
10,9,handbag,1144.0,483.9,1236.9,678.9
10,10,handbag,806.4,294.9,874.8,384.2
10,11,person,778.1,225.6,878.6,527.8
10,12,handbag,671.6,400.8,722.4,483.7
10,13,person,543.0,174.3,580.5,279.4
10,14,person,204.7,183.3,261.2,355.6
10,15,person,1041.9,310.7,1155.5,632.9
10,16,person,1.7,310.0,27.9,496.7
10,18,handbag,778.0,325.3,828.7,389.9
11,0,person,427.3,225.4,543.6,498.7
11,1,person,947.7,217.6,1167.1,717.5
11,2,person,189.0,227.4,330.7,651.9
11,3,person,550.9,265.5,662.2,516.4
11,4,person,347.4,326.6,431.3,549.3
11,5,person,750.3,245.6,843.6,506.3
11,6,handbag,185.8,368.3,219.9,421.4
11,7,person,1207.5,314.2,1275.8,721.4
11,8,person,674.6,267.8,754.6,498.7
11,9,handbag,1136.2,502.9,1230.0,698.8
11,10,handbag,806.4,294.5,875.1,383.7
11,11,person,649.4,204.2,732.7,477.4
11,12,handbag,672.3,401.9,722.6,484.1
11,13,person,542.2,174.4,580.3,278.9
11,14,person,264.1,217.9,375.2,483.4
11,15,person,1293.1,369.4,1442.4,727.3
11,16,person,1.3,308.0,30.2,495.9
11,18,handbag,778.0,324.7,829.1,389.7
12,0,person,429.7,225.0,546.2,497.3
12,1,person,947.2,216.2,1167.4,717.5
12,2,person,192.3,225.5,332.5,645.6
12,3,person,551.1,264.1,662.4,516.0
12,4,person,350.6,326.2,435.6,548.1
12,5,person,748.7,244.7,843.2,506.7
12,6,handbag,190.8,368.8,222.3,419.3
12,7,person,1196.9,279.4,1283.7,717.2
12,8,person,672.5,267.6,755.8,503.2
12,9,handbag,1128.4,522.0,1223.1,718.8
12,10,handbag,806.8,292.1,875.9,382.7
12,11,person,594.5,194.5,675.3,456.6
12,12,handbag,673.1,402.9,722.7,484.5
12,13,person,542.0,174.7,579.9,278.0
12,14,person,283.8,219.5,397.3,511.8
12,15,person,1236.8,353.7,1345.2,713.6
12,16,person,-0.7,297.7,33.7,493.7
12,18,handbag,778.0,324.0,829.5,389.5
13,0,person,430.2,226.3,547.1,497.0
13,1,person,947.2,215.2,1167.5,717.4
13,2,person,195.9,226.8,333.1,641.7
13,3,person,551.6,263.5,662.5,515.7
13,4,person,354.2,327.1,440.0,548.5
13,5,person,748.6,244.1,843.2,506.9
13,6,handbag,195.8,369.4,224.6,417.2
13,7,person,1218.2,307.7,1279.9,718.2
13,8,person,669.8,266.4,756.6,507.0
13,9,handbag,1120.6,541.0,1216.2,738.7
13,10,handbag,812.8,296.9,874.8,379.5
13,11,person,580.6,191.0,663.2,449.3
13,12,handbag,673.8,404.0,722.8,484.9
13,13,person,541.8,174.8,578.8,276.8
13,14,person,289.8,217.3,398.1,522.2
13,15,person,1238.3,353.2,1337.9,723.5
13,16,person,-1.3,290.1,36.9,491.7
13,18,handbag,803.0,288.8,876.2,381.4
14,0,person,429.3,226.6,549.7,500.1
14,1,person,948.3,214.0,1167.3,716.3
14,2,person,194.1,225.6,332.4,639.7
14,3,person,552.8,263.1,663.2,515.1
14,4,person,357.0,327.9,443.0,548.4
14,5,person,752.3,244.3,844.7,505.8
14,6,handbag,200.8,370.0,227.0,415.1
14,7,person,1224.8,315.2,1279.6,719.1
14,8,person,669.0,263.5,758.9,508.1
14,9,handbag,1112.8,560.1,1209.3,758.7
14,10,handbag,814.7,298.6,875.2,378.6
14,11,person,583.3,192.2,668.1,447.5
14,12,handbag,674.6,405.0,723.0,485.4
14,13,person,541.7,173.7,578.8,275.7
14,14,person,289.7,210.3,395.3,521.7
14,15,person,1225.2,344.0,1318.7,722.3
14,16,person,-1.1,287.2,38.2,491.2
14,18,handbag,805.9,283.2,881.4,380.3
15,0,person,429.7,227.3,551.3,501.7
15,1,person,948.1,213.0,1167.1,716.1
15,2,person,187.4,222.9,330.9,639.1
15,3,person,553.1,262.5,663.4,514.4
15,4,person,361.7,326.7,446.1,545.4
15,5,person,755.6,244.0,845.2,504.4
15,6,handbag,205.8,370.5,229.4,413.1
15,7,person,1224.7,316.4,1279.7,720.2
15,8,person,674.0,265.9,760.1,507.3
15,9,handbag,1105.0,579.1,1202.4,778.6
15,10,handbag,807.1,290.4,877.2,380.2
15,11,person,589.6,195.6,676.2,448.2
15,12,handbag,675.4,406.1,723.1,485.8
15,13,person,541.7,172.1,579.0,274.6
15,14,person,289.2,203.6,391.2,517.5
15,15,person,1210.8,334.6,1300.4,719.1
15,16,person,-0.9,285.2,38.7,490.8
15,18,handbag,811.3,275.0,892.2,377.6
16,0,person,430.9,227.9,552.2,501.5
16,1,person,947.7,211.2,1167.6,716.1
16,2,person,181.0,222.0,329.3,638.9
16,3,person,553.5,261.6,663.6,513.8
16,4,person,366.4,326.8,448.5,543.6
16,5,person,755.5,242.9,844.9,504.0
16,6,handbag,210.8,371.1,231.8,411.0
16,7,person,1210.6,306.1,1279.5,721.7
16,8,person,676.8,267.0,761.0,506.7
16,9,handbag,1097.2,598.1,1195.5,798.5
16,10,handbag,804.3,286.1,877.7,379.4
16,11,person,596.2,195.9,685.9,448.5
16,12,handbag,676.1,407.1,723.2,486.2
16,13,person,542.0,171.3,578.8,274.0
16,14,person,291.5,201.8,384.5,512.5
16,15,person,1210.6,333.8,1302.0,720.1
16,16,person,-0.3,285.1,38.5,490.1
16,18,handbag,816.6,266.9,903.0,374.9
17,0,person,431.6,227.8,552.4,500.5
17,1,person,947.4,209.7,1168.1,716.2
17,2,person,178.1,221.4,329.1,638.2
17,3,person,553.3,261.8,665.3,515.5
17,4,person,369.9,327.5,449.0,541.8
17,5,person,755.0,241.3,844.9,503.7
17,6,handbag,215.8,371.6,234.1,408.9
17,7,person,1201.5,291.9,1280.7,719.7
17,8,person,678.6,266.2,761.4,505.4
17,9,handbag,1089.4,617.2,1188.6,818.5
17,10,handbag,801.3,281.9,878.6,379.2
17,11,person,599.7,196.1,691.9,449.1
17,12,handbag,676.9,408.2,723.4,486.7
17,13,person,541.3,170.1,578.9,273.8
17,14,person,292.9,200.4,381.7,507.3
17,15,person,1210.5,333.1,1303.5,721.0
17,16,person,0.0,284.4,39.0,489.5
17,18,handbag,804.6,279.7,880.0,377.3
18,0,person,432.4,227.3,552.4,499.1
18,1,person,948.6,208.8,1169.1,716.0
18,2,person,182.4,223.4,330.4,636.8
18,3,person,553.5,261.5,666.5,515.3
18,4,person,371.9,326.2,449.2,539.6
18,5,person,756.8,240.3,845.6,503.0
18,6,handbag,220.8,372.2,236.5,406.8
18,7,person,1200.2,301.5,1277.3,721.2
18,8,person,678.8,265.1,761.5,504.4
18,9,handbag,1081.6,636.2,1181.7,838.4
18,10,handbag,798.2,277.8,879.5,379.0
18,11,person,602.4,197.1,693.2,448.0
18,12,handbag,677.6,409.2,723.5,487.1
18,13,person,541.1,169.7,578.7,273.4
18,14,person,296.6,205.9,379.8,505.5
18,15,person,1210.3,332.3,1305.0,721.9
18,16,person,0.5,284.2,39.8,488.6
18,18,handbag,803.8,279.2,878.5,377.0
19,0,person,433.0,226.6,551.5,496.6
19,1,person,948.3,208.7,1169.3,717.3
19,2,person,172.5,221.9,329.2,637.6
19,3,person,553.7,261.6,666.5,514.5
19,4,person,374.0,325.6,449.1,538.7
19,5,person,757.5,239.1,846.0,502.4
19,7,person,1199.4,315.5,1274.3,723.9
19,8,person,678.6,261.8,760.4,500.7
19,9,handbag,1073.8,655.3,1174.8,858.4
19,10,handbag,807.1,280.5,879.5,376.4
19,11,person,607.1,198.1,695.8,446.9
19,12,handbag,678.4,410.3,723.6,487.5
19,13,person,540.9,168.9,578.3,272.7
19,14,person,300.2,209.5,383.7,505.5
19,15,person,1210.2,331.6,1306.5,722.9
19,16,person,0.7,284.1,41.0,488.4
19,18,handbag,803.2,278.6,877.7,376.1
20,0,person,434.0,225.0,550.6,492.7
20,1,person,948.7,208.3,1169.7,717.9
20,2,person,160.4,220.0,325.8,636.6
20,3,person,553.0,260.8,666.6,513.8
20,4,person,377.2,325.2,447.6,534.7
20,5,person,756.2,237.9,846.1,502.8
20,7,person,1199.0,331.2,1272.1,726.4
20,8,person,677.6,259.9,760.1,500.1
20,9,handbag,1066.0,674.3,1167.9,878.3
20,10,handbag,808.9,279.4,879.5,376.2
20,11,person,612.8,199.9,702.3,449.1
20,12,handbag,679.1,411.3,723.8,488.0
20,13,person,540.7,168.4,577.9,272.0
20,14,person,297.9,213.8,387.0,507.8
20,15,person,1210.0,330.9,1308.0,723.8
20,16,person,0.7,283.7,41.3,487.5
20,18,handbag,802.5,277.9,876.8,375.1
21,0,person,434.9,223.9,550.3,490.6
21,1,person,397.5,241.0,469.7,558.5
21,2,person,180.9,224.5,327.3,626.1
21,3,person,553.0,259.4,666.4,511.8
21,4,person,379.7,324.3,447.4,531.8
21,5,person,756.6,237.1,846.6,501.9
21,7,person,1201.4,338.6,1273.2,725.2
21,8,person,677.6,259.2,760.3,500.3
21,9,handbag,1058.2,693.4,1161.0,898.2
21,10,handbag,810.6,279.3,879.7,376.4
21,11,person,615.5,200.6,703.5,448.1
21,12,handbag,679.9,412.4,723.9,488.4
21,13,person,540.9,167.9,578.0,271.5
21,14,person,292.2,211.1,391.4,512.6
21,15,person,953.9,205.9,1171.2,717.8
21,16,person,0.9,283.3,41.8,486.1
21,18,handbag,801.9,277.3,875.9,374.2
22,0,person,435.3,222.2,549.9,488.9
22,1,person,142.8,245.8,172.8,489.5
22,2,person,190.2,224.6,327.7,618.7
22,3,person,552.4,258.1,666.3,510.1
22,4,person,382.9,322.1,447.7,526.8
22,5,person,758.3,237.0,846.4,499.8
22,7,person,1202.3,333.5,1276.8,721.5
22,8,person,678.0,258.2,760.3,498.5
22,9,handbag,1050.4,712.4,1154.1,918.2
22,10,handbag,812.1,278.2,880.0,375.9
22,11,person,614.1,199.8,704.0,447.0
22,12,handbag,680.6,413.4,724.0,488.8
22,13,person,541.1,167.5,578.4,270.8
22,14,person,293.5,208.8,395.8,513.0
22,15,person,939.0,197.8,1162.3,716.2
22,16,person,0.7,282.2,42.8,485.1
22,18,handbag,801.3,276.6,875.0,373.3
23,0,person,435.7,219.0,550.1,486.0
23,1,person,66.7,245.4,104.2,472.7
23,2,person,194.7,222.4,327.9,614.3
23,3,person,552.6,257.7,667.1,509.7
23,4,person,385.2,319.8,449.8,525.1
23,5,person,761.5,236.5,847.4,497.1
23,7,person,1202.4,333.0,1278.4,720.6
23,8,person,677.8,257.0,760.6,497.4
23,9,handbag,1042.6,731.4,1147.2,938.1
23,10,handbag,813.1,277.6,880.2,375.7
23,11,person,610.7,194.5,701.1,440.4
23,12,handbag,681.4,414.5,724.2,489.2
23,13,person,541.2,167.4,578.0,269.8
23,14,person,296.2,210.4,398.8,512.8
23,15,person,940.6,197.4,1163.0,715.5
23,16,person,0.8,280.6,44.5,483.7
23,18,handbag,800.7,276.0,874.1,372.4
24,0,person,435.6,216.1,549.5,482.7
24,1,person,-97.9,241.6,-92.7,436.6
24,2,person,152.7,209.0,320.8,620.4
24,3,person,553.3,257.7,667.5,508.4
24,4,person,389.1,316.8,452.4,518.7
24,5,person,766.9,236.2,848.6,494.5
24,7,person,1200.9,325.4,1280.8,719.3
24,8,person,677.8,256.4,761.3,497.3
24,9,handbag,1034.8,750.5,1140.3,958.0
24,10,handbag,814.1,277.8,880.3,374.6
24,11,person,609.8,194.4,699.5,437.2
24,13,person,541.5,166.8,578.0,268.4
24,14,person,300.8,209.7,401.5,506.6
24,15,person,945.7,198.6,1166.8,716.0
24,16,person,0.7,280.2,45.4,483.7
24,18,handbag,800.0,275.3,873.2,371.5
25,0,person,435.2,214.2,550.5,482.8
25,1,person,-29.9,266.8,-0.8,473.7
25,2,person,712.0,203.8,936.8,686.6
25,3,person,553.9,258.4,668.8,508.9
25,4,person,394.2,315.1,455.7,515.1
25,5,person,770.5,235.8,849.2,493.2
25,7,person,1211.0,311.9,1286.0,714.0
25,8,person,677.9,255.9,761.5,496.2
25,10,handbag,814.9,277.9,880.1,373.6
25,11,person,606.4,186.7,700.5,434.6
25,13,person,540.3,164.8,578.5,268.0
25,14,person,297.7,203.2,405.1,506.7
25,15,person,1129.0,278.9,1249.6,709.6
25,16,person,0.9,279.2,46.2,483.3
25,18,handbag,799.4,274.7,872.3,370.6
26,0,person,437.5,211.9,551.3,477.3
26,1,person,55.6,224.4,218.3,568.1
26,2,person,960.4,205.0,1201.6,714.8
26,3,person,553.7,258.9,669.0,509.3
26,4,person,396.7,312.5,458.6,512.6
26,5,person,773.6,235.5,849.9,492.7
26,7,person,1207.5,313.2,1283.1,716.0
26,8,person,677.2,255.2,762.1,495.2
26,10,handbag,815.1,278.1,880.4,373.3
26,11,person,603.5,179.5,702.6,434.2
26,13,person,540.4,163.9,579.5,267.7
26,14,person,301.0,201.6,406.8,505.2
26,15,person,1220.6,322.6,1287.3,710.3
26,16,person,1.4,275.8,46.1,476.3
26,18,handbag,798.8,274.0,871.4,369.7
27,0,person,439.0,211.3,551.9,474.2
27,1,person,683.2,211.1,936.6,678.9
27,2,person,449.9,202.3,643.7,644.0
27,3,person,553.4,258.7,669.5,509.2
27,4,person,399.9,310.5,463.4,512.2
27,5,person,774.6,234.5,850.9,493.3
27,7,person,1208.1,326.2,1278.4,718.4
27,8,person,675.3,255.7,763.6,499.1
27,10,handbag,815.2,278.6,881.0,373.2
27,11,person,604.4,180.2,702.0,434.6
27,13,person,541.3,164.2,580.0,267.1
27,14,person,305.6,200.3,409.9,504.0
27,15,person,1313.2,368.9,1328.3,705.1
27,16,person,1.8,274.7,47.1,472.6
27,18,handbag,798.2,273.4,870.5,368.8
28,0,person,441.2,210.9,552.2,470.2
28,1,person,962.4,209.7,1232.1,717.2
28,2,person,189.0,201.1,361.7,608.1
28,3,person,553.0,257.7,668.5,507.4
28,4,person,403.0,309.2,467.5,510.9
28,5,person,775.0,233.3,851.3,493.2
28,7,person,1208.3,331.4,1277.0,718.3
28,8,person,674.6,256.2,764.9,501.7
28,10,handbag,815.8,279.1,881.2,372.5
28,11,person,606.3,177.9,703.7,434.3
28,13,person,541.8,163.9,580.3,266.5
28,14,person,311.0,199.8,414.2,503.5
28,15,person,1243.6,340.3,1294.9,716.4
28,16,person,1.8,274.4,47.6,470.2
28,18,handbag,797.5,272.8,869.6,367.9
29,0,person,442.8,210.8,553.8,469.1
29,1,person,1037.3,210.5,1295.4,723.2
29,2,person,99.4,201.7,264.3,594.5
29,3,person,552.9,257.1,668.5,506.7
29,4,person,405.3,308.1,474.1,511.0
29,5,person,775.5,232.3,851.8,492.7
29,7,person,1206.9,329.6,1278.1,718.1
29,8,person,673.6,255.6,765.4,501.4
29,10,handbag,817.3,280.4,881.3,372.1
29,11,person,605.6,171.1,706.9,435.8
29,13,person,542.3,163.5,580.7,266.0
29,14,person,314.3,198.7,418.5,503.9
29,15,person,1266.9,354.2,1307.4,719.6
29,16,person,1.7,274.2,48.2,468.3
29,18,handbag,796.9,272.1,868.8,367.0
30,0,person,445.6,209.9,555.1,464.7
30,1,person,1026.5,209.7,1269.6,719.6
30,2,person,91.2,203.5,254.9,592.2
30,3,person,552.9,257.1,669.1,506.4
30,4,person,408.0,306.9,482.3,512.8
30,5,person,775.0,231.4,852.1,492.2
30,7,person,1206.5,329.4,1278.4,716.9
30,8,person,672.3,255.1,765.5,500.2
30,10,handbag,818.0,281.0,881.3,371.5
30,11,person,609.3,173.7,706.1,438.8
30,13,person,542.8,163.1,581.1,265.5
30,14,person,316.6,199.3,421.5,505.6
30,15,person,1290.1,368.1,1320.0,722.7
30,16,person,1.3,273.7,49.5,467.8
30,18,handbag,796.3,271.5,867.9,366.1
31,0,person,447.2,209.3,556.0,461.0
31,1,person,530.5,192.0,632.5,542.0
31,2,person,109.9,205.5,275.0,594.3
31,3,person,553.1,257.4,669.5,506.5
31,4,person,408.9,305.1,488.1,513.6
31,5,person,774.2,230.6,852.5,491.9
31,7,person,1203.3,326.1,1279.2,716.9
31,8,person,670.2,255.0,765.5,500.5
31,10,handbag,818.6,281.2,881.8,371.2
31,11,person,611.1,177.9,703.9,440.9
31,13,person,543.3,162.7,581.5,265.0
31,14,person,319.5,199.4,422.7,504.0
31,15,person,980.9,205.3,1183.8,723.5
31,16,person,1.6,273.0,51.2,465.7
31,18,handbag,795.6,270.8,867.0,365.2
32,0,person,447.9,209.1,556.9,458.6
32,1,person,301.7,176.0,350.2,454.7
32,2,person,131.2,209.2,292.7,595.7
32,3,person,553.9,258.2,670.1,506.8
32,4,person,411.0,306.9,491.4,514.2
32,5,person,772.7,229.6,852.9,491.9
32,7,person,1203.5,326.3,1279.6,717.2
32,8,person,669.1,254.8,765.1,498.8
32,10,handbag,819.0,280.9,882.7,371.1
32,11,person,612.5,180.6,703.5,441.9
32,13,person,543.8,162.3,581.9,264.5
32,14,person,319.3,197.0,425.0,502.4
32,15,person,942.5,187.5,1165.3,720.8
32,16,person,2.6,271.7,56.9,464.3
32,18,handbag,795.0,270.2,866.1,364.2
33,0,person,447.8,208.7,557.1,456.1
33,1,person,235.3,170.6,276.1,427.7
33,2,person,145.7,212.2,302.8,596.3
33,3,person,554.4,258.1,671.4,507.5
33,4,person,411.5,309.0,493.0,513.7
33,5,person,772.9,229.7,853.1,491.9
33,7,person,1201.4,322.8,1280.3,717.5
33,8,person,669.8,255.3,765.1,497.2
33,10,handbag,818.9,279.1,884.6,371.7
33,11,person,608.0,174.5,707.3,447.3
33,13,person,544.3,161.9,582.2,263.9
33,14,person,321.9,196.4,426.1,498.0
33,15,person,939.4,187.4,1162.8,718.3
33,16,person,3.1,272.5,60.1,463.2
33,18,handbag,794.4,269.5,865.2,363.3
34,0,person,448.2,209.0,558.4,455.1
34,1,person,240.6,179.7,284.8,429.9
34,2,person,154.4,215.0,306.3,597.2
34,3,person,554.0,259.5,665.8,506.6
34,4,person,415.0,311.6,495.1,510.2
34,5,person,771.0,230.3,852.7,492.8
34,7,person,1199.5,314.1,1282.0,716.6
34,8,person,671.4,256.5,765.4,496.9
34,10,handbag,818.9,277.0,886.7,372.3
34,11,person,606.4,173.7,709.3,450.0
34,13,person,544.9,161.5,582.6,263.4
34,14,person,324.5,196.0,426.4,493.8
34,15,person,947.3,192.3,1167.0,717.5
34,16,person,2.7,274.0,63.1,464.6
35,0,person,448.2,209.6,559.4,454.1
35,1,person,263.5,184.3,326.6,448.1
35,2,person,160.5,218.0,306.7,597.3
35,3,person,555.7,258.7,671.7,508.2
35,4,person,418.2,312.7,499.3,509.3
35,5,person,772.6,231.8,853.2,493.0
35,7,person,1208.3,304.5,1285.6,713.6
35,8,person,672.0,256.7,764.4,493.8
35,10,handbag,818.4,277.9,887.6,374.2
35,11,person,566.1,252.6,650.9,503.4
35,13,person,415.7,222.4,570.5,494.9
35,14,person,330.1,196.7,429.2,491.3
35,15,person,955.1,196.5,1172.1,717.4
35,16,person,2.3,276.2,67.2,468.1
36,0,person,449.1,209.7,559.9,451.5
36,1,person,283.7,189.6,357.6,461.2
36,2,person,164.4,220.9,305.9,598.0
36,3,person,554.5,266.7,651.2,505.2
36,4,person,424.2,313.3,504.3,506.7
36,5,person,773.6,232.6,854.1,493.4
36,7,person,1213.0,299.0,1286.3,713.2
36,8,person,670.9,256.5,763.0,491.7
36,10,handbag,820.5,284.1,886.4,376.0
36,11,person,828.1,231.5,1047.1,657.1
36,13,person,416.0,221.9,565.9,505.6
36,14,person,335.0,197.5,430.8,488.2
36,15,person,1128.4,267.8,1251.7,709.8
36,16,person,1.9,278.8,69.4,470.6
37,0,person,453.2,213.7,559.8,448.2
37,1,person,296.4,192.6,373.8,464.3
37,2,person,176.7,224.7,306.5,594.9
37,3,person,554.9,268.4,642.9,504.7
37,4,person,431.2,313.1,507.8,502.8
37,5,person,772.8,233.2,855.1,494.5
37,7,person,1206.1,296.2,1283.6,716.5
37,8,person,669.1,256.3,761.5,489.7
37,10,handbag,821.0,286.4,886.2,377.0
37,11,person,938.4,233.9,1246.4,748.5
37,13,person,229.5,252.1,302.1,451.0
37,14,person,339.0,198.3,435.1,488.1
37,15,person,1032.7,226.1,1212.8,719.2
37,16,person,1.4,282.3,70.8,474.4
38,0,person,456.3,215.3,561.1,446.1
38,1,person,304.4,193.5,383.6,465.2
38,2,person,176.6,224.6,307.5,595.5
38,3,person,556.5,270.4,641.7,507.3
38,4,person,439.1,313.5,510.6,500.0
38,5,person,771.4,234.1,855.7,496.0
38,7,person,1203.3,294.4,1281.9,718.0
38,8,person,668.2,257.4,762.2,492.8
38,10,handbag,821.5,286.9,886.4,377.2
38,11,person,639.4,257.7,758.1,557.0
38,13,person,122.0,275.0,145.5,424.9
38,14,person,343.9,200.3,438.1,486.2
38,15,person,978.8,204.7,1187.7,722.1
38,16,person,2.0,284.7,73.2,476.3
39,0,person,458.0,216.5,562.3,445.6
39,1,person,307.8,193.5,388.4,464.6
39,2,person,179.0,225.6,308.4,592.2
39,3,person,559.9,264.2,664.7,514.6
39,4,person,444.5,313.9,512.4,498.9
39,5,person,773.4,236.0,856.9,497.6
39,7,person,1203.5,294.2,1280.8,717.8
39,8,person,670.7,258.9,762.4,491.8
39,10,handbag,822.1,286.8,886.9,376.9
39,11,person,607.5,206.9,693.5,478.3
39,13,person,14.4,298.0,-11.0,398.8
39,14,person,349.1,202.4,441.9,486.5
39,15,person,957.9,199.1,1177.5,722.9
39,16,person,2.2,286.2,74.7,477.5
40,0,person,458.8,217.6,563.4,446.2
40,1,person,496.3,240.3,590.1,507.7
40,2,person,180.5,226.0,309.9,593.2
40,3,person,559.1,268.8,655.9,513.5
40,4,person,448.1,317.5,514.4,501.1
40,5,person,773.1,237.3,856.8,499.6
40,7,person,1215.8,295.7,1282.4,715.7
40,8,person,671.0,260.7,763.6,495.3
40,10,handbag,822.2,287.2,887.1,376.8
40,11,person,829.3,205.6,1038.8,631.1
40,13,person,-93.1,320.9,-167.6,372.6
40,14,person,348.9,201.9,444.5,488.0
40,15,person,1122.8,263.0,1250.2,711.1
40,16,person,4.0,286.4,76.4,476.8
41,0,person,460.3,218.9,564.6,447.0
41,1,person,600.5,262.7,697.7,533.5
41,2,person,184.8,226.5,310.7,591.1
41,3,person,558.3,274.6,647.1,513.6
41,4,person,450.0,318.0,517.4,503.2
41,5,person,770.2,238.4,855.6,501.5
41,7,person,1210.6,297.5,1280.4,719.0
41,8,person,670.2,262.0,764.7,498.3
41,10,handbag,820.5,285.5,888.1,378.1
41,11,person,674.6,244.4,808.0,568.3
41,13,person,-200.6,343.9,-324.2,346.5
41,14,person,349.6,202.4,447.2,490.6
41,15,person,1027.9,226.2,1209.7,720.6
41,16,person,5.8,286.6,78.0,475.6
42,0,person,461.4,219.7,566.5,448.7
42,1,person,1108.1,302.2,1246.0,674.5
42,2,person,188.2,227.1,309.9,587.8
42,3,person,558.5,278.8,645.5,515.9
42,4,person,452.9,319.8,519.7,506.2
42,5,person,766.9,240.9,854.5,504.2
42,7,person,1217.3,295.9,1281.9,717.7
42,8,person,671.8,263.7,764.5,497.0
42,10,handbag,820.1,286.5,888.8,380.2
42,11,person,589.8,264.5,689.3,535.4
42,13,person,-308.1,366.8,-480.8,320.4
42,14,person,337.6,198.2,447.0,493.4
42,15,person,976.8,208.8,1185.5,723.8
42,16,person,8.3,285.6,79.1,472.9
42,22,handbag,301.5,338.2,355.5,392.9
43,0,person,462.3,220.5,568.3,450.4
43,1,person,1371.2,336.5,1543.3,743.1
43,2,person,177.8,224.8,306.4,586.7
43,3,person,557.8,280.3,647.0,519.3
43,4,person,453.3,318.4,521.4,507.9
43,5,person,773.0,244.4,854.4,504.0
43,7,person,1210.1,294.4,1280.2,719.9
43,8,person,670.6,266.0,764.6,499.9
43,10,handbag,819.5,286.6,889.5,381.7
43,11,person,554.8,271.6,650.1,524.4
43,13,person,-415.6,389.8,-637.4,294.3
43,14,person,335.8,199.2,449.0,495.5
43,15,person,958.0,204.8,1175.1,723.2
43,16,person,11.1,284.7,80.8,470.0
43,22,handbag,304.4,340.0,359.2,394.0
44,0,person,464.0,221.2,569.9,451.9
44,1,person,1634.3,370.8,1840.7,811.6
44,2,person,185.0,227.8,306.9,582.2
44,3,person,556.5,280.9,647.9,521.6
44,4,person,446.2,317.9,521.4,511.4
44,5,person,776.5,246.1,854.1,504.4
44,7,person,1205.7,289.5,1280.2,720.0
44,8,person,669.1,267.3,764.4,502.6
44,10,handbag,818.8,286.8,890.2,383.2
44,11,person,510.4,280.6,584.5,512.2
44,13,person,-523.1,412.7,-793.9,268.1
44,14,person,341.2,206.6,450.0,497.4
44,15,person,955.0,207.8,1172.0,721.9
44,16,person,13.3,284.5,82.8,468.5
44,22,handbag,307.9,336.6,360.7,392.6
44,23,backpack,822.6,295.5,886.3,383.5
45,0,person,465.9,221.8,571.3,452.8
45,1,person,1897.4,405.1,2138.0,880.2
45,2,person,191.1,229.3,307.3,578.4
45,3,person,554.3,280.6,648.5,524.3
45,4,person,443.9,319.0,522.0,512.9
45,5,person,780.2,247.1,854.9,506.0
45,7,person,1204.8,288.5,1279.8,719.5
45,8,person,668.4,268.5,764.6,504.1
45,10,handbag,823.9,298.6,885.5,384.8
45,11,person,184.6,240.3,342.2,567.1
45,13,person,-630.6,435.7,-950.5,242.0
45,14,person,346.2,210.9,450.8,497.5
45,15,person,956.7,210.7,1173.1,720.9
45,16,person,13.2,284.2,83.8,467.8
45,22,handbag,310.6,335.5,363.5,391.6
45,23,backpack,823.7,296.8,886.7,384.2
46,0,person,467.0,222.5,571.9,453.7
46,1,person,2160.5,439.4,2435.3,948.7
46,2,person,185.6,229.9,306.1,580.4
46,3,person,553.5,280.1,650.3,526.4
46,4,person,445.3,320.4,523.0,512.9
46,5,person,781.1,247.5,855.4,507.7
46,7,person,1204.4,284.4,1280.3,717.7
46,8,person,666.8,270.5,766.5,511.1
46,10,handbag,823.7,298.1,886.4,385.9
46,11,person,20.4,227.8,207.3,583.8
46,13,person,-738.1,458.6,-1107.1,215.9
46,14,person,352.7,213.9,452.3,497.7
46,15,person,958.2,212.9,1174.9,720.3
46,16,person,14.0,284.8,86.2,469.8
46,22,handbag,312.3,335.1,361.1,390.3
46,23,backpack,824.4,297.9,887.0,384.9
47,0,person,468.0,223.9,571.2,454.0
47,1,person,1230.5,301.9,1331.0,704.3
47,2,person,186.3,232.1,305.1,579.9
47,3,person,553.2,281.8,648.6,527.6
47,4,person,449.1,321.8,524.6,512.8
47,5,person,781.1,248.6,855.2,510.2
47,7,person,1198.4,274.3,1281.3,717.5
47,8,person,666.4,273.2,766.1,516.1
47,10,handbag,822.9,298.5,886.4,388.0
47,11,person,-143.8,215.3,72.3,600.5
47,13,person,-845.6,481.6,-1263.7,189.8
47,14,person,355.6,217.0,452.4,499.2
47,15,person,958.9,214.5,1176.8,719.9
47,16,person,15.3,285.6,88.7,470.9
47,22,handbag,314.3,333.9,361.2,390.4
47,23,backpack,825.2,299.0,887.4,385.5
48,0,person,469.1,225.3,571.3,455.9
48,1,person,1214.2,292.4,1294.8,703.9
48,2,person,187.1,234.5,305.4,580.3
48,3,person,554.6,288.3,645.4,529.0
48,4,person,448.4,323.2,523.3,513.3
48,5,person,781.2,251.7,853.5,512.5
48,7,person,1201.5,278.2,1280.0,716.6
48,8,person,666.1,276.7,765.0,520.9
48,10,handbag,821.1,296.6,886.3,390.1
48,11,person,545.9,230.2,644.9,513.3
48,13,person,-953.1,504.6,-1420.3,163.6
48,14,person,359.2,220.8,453.3,501.0
48,15,person,958.7,216.2,1176.8,719.2
48,16,person,16.9,286.7,92.4,473.6
48,22,handbag,317.1,333.9,361.7,391.0
48,23,backpack,826.0,300.1,887.7,386.2
49,0,person,470.1,227.1,571.1,458.3
49,1,person,1209.5,287.1,1282.3,706.9
49,2,person,186.1,237.0,306.0,582.0
49,3,person,555.0,290.9,643.9,530.0
49,4,person,447.7,323.7,521.3,512.4
49,5,person,781.6,254.1,853.1,514.6
49,7,person,1199.1,278.5,1279.6,718.7
49,8,person,665.6,279.1,765.0,525.8
49,10,handbag,820.8,298.8,884.4,391.7
49,11,person,619.0,228.0,708.5,507.5
49,13,person,-1060.6,527.5,-1576.8,137.5
49,14,person,359.2,220.2,454.3,502.5
49,15,person,957.5,218.0,1176.7,719.4
49,16,person,18.8,288.6,93.1,472.7
49,22,handbag,319.3,333.9,361.7,391.7
49,23,backpack,826.8,301.1,888.1,386.9
49,25,handbag,1198.3,346.1,1280.2,548.7
50,0,person,470.3,228.8,572.0,462.9
50,1,person,1210.7,284.3,1280.1,711.4
50,2,person,186.1,240.5,307.7,584.7
50,3,person,554.8,291.2,644.6,531.7
50,4,person,449.4,323.2,519.7,508.1
50,5,person,781.3,255.7,852.1,516.1
50,7,person,1197.5,278.7,1279.4,720.0
50,8,person,666.1,281.1,764.1,527.7
50,10,handbag,821.5,304.5,881.4,392.6
50,11,person,632.2,219.5,724.0,507.6
50,13,person,-1168.1,550.5,-1733.4,111.4
50,14,person,350.4,211.7,454.7,503.8
50,15,person,955.6,220.0,1174.7,719.5
50,16,person,19.6,291.0,94.1,474.0
50,22,handbag,321.0,334.4,362.6,391.4
50,23,backpack,827.6,302.2,888.5,387.5
50,25,handbag,1197.7,349.9,1279.7,551.0
51,0,person,470.4,230.4,571.6,466.5
51,1,person,1213.3,286.3,1279.7,715.4
51,2,person,183.0,242.0,308.0,586.2
51,3,person,555.2,292.9,647.8,534.6
51,4,person,450.8,323.1,517.8,504.0
51,5,person,775.4,255.5,850.6,518.9
51,7,person,1197.8,281.5,1278.9,720.7
51,8,person,666.2,283.2,764.2,531.9
51,10,handbag,821.0,307.0,880.0,393.7
51,11,person,628.6,218.4,715.4,507.1
51,13,person,-1275.6,573.4,-1890.0,85.3
51,14,person,348.1,208.5,454.2,503.2
51,15,person,955.0,222.5,1173.7,719.6
51,16,person,20.3,293.1,94.5,475.3
51,22,handbag,323.3,341.1,359.7,393.7
51,23,backpack,828.4,303.3,888.8,388.2
51,25,handbag,1179.0,483.4,1250.9,641.2
52,0,person,469.6,231.5,571.4,470.6
52,1,person,1215.7,287.6,1280.1,717.8
52,2,person,181.1,245.1,307.6,587.1
52,3,person,555.9,296.2,650.5,537.4
52,4,person,453.6,323.0,517.6,501.4
52,5,person,774.2,257.6,849.2,520.6
52,7,person,1195.4,283.1,1278.2,721.5
52,8,person,666.3,284.5,764.4,533.8
52,10,handbag,819.5,308.4,879.0,395.5
52,11,person,613.9,219.4,701.9,509.9
52,13,person,-1383.1,596.4,-2046.6,59.1
52,14,person,353.7,210.9,453.9,501.2
52,15,person,953.3,224.2,1172.6,719.7
52,16,person,22.5,295.2,95.2,476.1
52,22,handbag,325.2,344.3,359.1,394.4
52,23,backpack,829.1,304.4,889.2,388.9
52,25,handbag,1173.1,559.5,1227.9,700.3
53,0,person,468.7,232.4,570.9,474.7
53,1,person,1217.0,286.2,1280.6,718.1
53,2,person,183.3,249.3,306.7,586.3
53,3,person,555.5,299.1,648.1,538.8
53,4,person,455.9,323.1,518.0,500.5
53,5,person,767.7,257.2,848.5,523.1
53,7,person,1193.6,281.1,1278.8,721.1
53,8,person,666.2,286.0,765.1,537.8
53,10,handbag,817.6,306.9,878.8,396.8
53,11,person,606.5,219.8,693.0,510.0
53,14,person,355.3,210.1,454.2,499.9
53,15,person,952.2,224.9,1173.1,719.7
53,16,person,25.1,295.9,95.5,474.8
53,22,handbag,327.2,347.5,358.4,395.0
53,23,backpack,829.9,305.5,889.5,389.5
53,25,handbag,1169.7,532.9,1243.3,671.5
54,0,person,469.1,233.8,567.5,472.6
54,1,person,1222.5,287.1,1280.9,716.5
54,2,person,181.8,251.1,305.8,588.6
54,3,person,554.7,297.5,645.9,538.1
54,4,person,455.7,325.4,518.1,502.7
54,5,person,758.5,256.2,848.4,524.9
54,7,person,1192.4,275.1,1279.7,717.9
54,8,person,665.9,286.8,764.6,540.3
54,10,handbag,817.0,309.6,877.9,398.8
54,11,person,600.0,207.2,692.6,511.2
54,14,person,357.5,211.2,454.9,499.6
54,15,person,951.5,227.4,1170.7,719.1
54,16,person,26.3,295.8,96.6,475.9
54,22,handbag,329.1,350.7,357.8,395.6
54,23,backpack,830.7,306.6,889.9,390.2
54,25,handbag,1166.3,564.7,1234.3,697.6
55,0,person,468.4,235.0,565.8,473.5
55,1,person,1222.8,279.9,1282.7,716.3
55,2,person,154.9,248.8,298.9,594.9
55,3,person,553.1,297.6,641.8,538.6
55,4,person,456.4,326.5,518.2,503.1
55,5,person,755.6,259.4,848.1,527.0
55,7,person,1189.9,267.3,1281.4,717.7
55,8,person,666.6,287.1,763.8,539.4
55,10,handbag,814.2,309.3,877.6,401.2
55,11,person,400.0,190.8,435.5,407.0
55,14,person,354.8,210.6,454.1,497.3
55,15,person,950.6,229.7,1168.1,718.7
55,16,person,28.6,296.0,97.1,473.5
55,22,handbag,331.0,354.0,357.1,396.2
55,23,backpack,831.5,307.7,890.3,390.9
55,25,handbag,1163.0,596.5,1225.4,723.8
56,0,person,467.3,237.0,565.6,479.0
56,1,person,1220.6,267.3,1284.6,715.7
56,2,person,144.7,251.1,294.4,595.1
56,3,person,552.0,297.9,639.6,540.7
56,4,person,457.2,327.5,518.3,503.5
56,5,person,758.6,262.7,847.7,526.9
56,7,person,1193.1,263.9,1282.5,716.9
56,8,person,668.3,286.9,762.2,536.1
56,10,handbag,814.4,312.9,876.9,403.9
56,11,person,309.4,185.5,329.1,363.2
56,14,person,355.8,212.6,454.7,494.9
56,15,person,950.4,231.4,1166.9,718.7
56,16,person,29.7,295.3,98.3,472.5
56,22,handbag,331.6,347.0,363.9,397.1
56,23,backpack,832.3,308.8,890.6,391.6
56,25,handbag,1159.7,628.2,1216.4,749.9
56,27,handbag,1192.3,381.5,1279.7,559.5
57,0,person,465.6,239.1,566.4,486.7
57,1,person,1222.4,278.2,1280.7,718.7
57,2,person,148.7,255.0,292.2,591.1
57,3,person,551.3,298.8,637.7,542.6
57,4,person,584.3,202.2,700.4,492.7
57,5,person,762.3,264.6,846.7,526.4
57,7,person,1196.7,277.2,1279.1,719.7
57,8,person,669.4,288.2,763.2,539.9
57,10,handbag,813.5,315.3,876.5,407.0
57,11,person,283.6,187.5,306.9,351.6
57,14,person,354.7,214.8,455.2,493.9
57,15,person,949.9,232.2,1166.4,718.4
57,16,person,31.1,294.9,99.7,471.6
57,22,handbag,333.0,347.9,365.1,397.7
57,23,backpack,833.1,309.9,891.0,392.2
57,25,handbag,1156.3,660.0,1207.4,776.1
57,27,handbag,1190.6,377.3,1279.9,558.6
58,0,person,465.4,240.9,566.2,491.3
58,1,person,1221.6,277.2,1280.3,719.3
58,2,person,161.0,259.5,291.1,586.0
58,3,person,552.3,305.2,634.6,544.7
58,4,person,598.3,180.0,716.6,500.3
58,5,person,764.2,265.1,850.9,528.6
58,7,person,1195.9,276.3,1279.4,720.2
58,8,person,673.0,290.3,763.6,542.8
58,10,handbag,815.1,318.8,875.3,407.9
58,11,person,284.8,192.1,315.9,351.7
58,14,person,355.2,215.1,456.9,493.0
58,15,person,949.6,232.4,1165.6,717.6
58,16,person,33.1,295.1,101.1,471.3
58,22,handbag,334.5,348.7,366.3,398.3
58,23,backpack,833.8,311.0,891.3,392.9
58,25,handbag,1153.0,691.8,1198.5,802.2
58,27,handbag,1187.7,366.8,1281.6,558.0
59,0,person,467.3,241.8,565.1,489.6
59,1,person,1221.4,274.8,1280.5,719.3
59,2,person,167.9,261.0,289.1,583.4
59,3,person,553.8,311.0,631.0,544.8
59,4,person,597.7,175.7,710.8,506.1
59,5,person,763.9,267.0,848.4,529.6
59,7,person,1195.8,275.6,1279.7,720.2
59,8,person,673.5,290.9,763.4,546.1
59,10,handbag,814.4,321.0,874.2,408.8
59,11,person,292.1,197.3,329.9,355.6
59,14,person,356.6,216.6,457.4,493.3
59,15,person,949.0,232.3,1165.2,717.1
59,16,person,35.0,296.6,102.5,472.5
59,22,handbag,336.8,347.3,368.6,395.1
59,23,backpack,834.6,312.1,891.7,393.6
59,25,handbag,1149.7,723.6,1189.5,828.4
59,27,handbag,1187.5,365.1,1281.5,558.4
60,0,person,468.5,242.4,564.8,489.0
60,1,person,1221.6,274.5,1280.3,719.4
60,2,person,168.9,260.1,287.1,581.3
60,3,person,552.1,310.3,632.0,547.6
60,4,person,602.5,206.7,694.9,517.1
60,5,person,761.9,268.3,844.0,530.5
60,7,person,1195.2,275.9,1279.5,720.4
60,8,person,677.0,291.1,763.9,546.6
60,10,handbag,809.8,319.8,873.5,409.9
60,11,person,297.1,202.6,341.4,360.4
60,14,person,356.0,216.1,458.6,494.9
60,15,person,948.5,234.5,1163.2,717.5
60,16,person,37.5,298.4,104.4,473.3
60,22,handbag,336.7,340.0,373.6,393.7
60,23,backpack,835.4,313.2,892.1,394.2
60,25,handbag,1146.3,755.3,1180.6,854.5
60,27,handbag,1187.3,365.5,1281.0,560.0
61,0,person,463.7,244.1,566.7,502.4
61,1,person,1223.5,276.1,1279.9,719.3
61,2,person,166.6,258.4,284.2,579.6
61,3,person,551.7,311.8,631.6,549.2
61,4,person,603.6,221.0,686.2,523.3
61,5,person,758.1,268.1,841.8,532.2
61,7,person,1195.7,276.6,1279.2,719.5
61,8,person,679.2,291.6,764.1,547.3
61,10,handbag,806.7,319.6,872.7,409.6
61,11,person,299.8,205.7,350.1,362.6
61,14,person,356.4,215.3,460.4,496.3
61,15,person,947.4,235.7,1161.2,717.6
61,16,person,39.6,300.5,106.7,474.1
61,22,handbag,338.2,340.0,376.2,393.4
61,25,handbag,1143.0,787.1,1171.6,880.7
61,27,handbag,1189.4,372.7,1279.4,561.6
62,0,person,461.9,245.0,567.2,508.9
62,1,person,1225.8,284.0,1278.4,720.5
62,2,person,162.5,258.2,281.8,579.8
62,3,person,551.7,313.1,631.2,550.1
62,4,person,602.8,225.2,682.8,525.8
62,5,person,755.9,268.1,840.4,533.3
62,7,person,1192.9,278.1,1278.0,719.0
62,8,person,682.1,291.5,765.9,547.9
62,10,handbag,803.9,318.4,872.4,409.2
62,11,person,300.1,208.5,353.5,363.3
62,14,person,357.6,214.7,462.2,497.2
62,15,person,946.4,236.6,1160.0,717.8
62,16,person,41.5,301.8,111.5,475.6
62,22,handbag,339.5,338.2,379.0,392.9
62,25,handbag,1139.7,818.9,1162.6,906.8
62,27,handbag,1190.5,375.9,1278.2,562.5
63,0,person,462.4,246.0,566.4,511.5
63,1,person,1228.1,295.5,1276.5,722.5
63,2,person,155.7,258.5,278.1,580.7
63,3,person,551.7,312.6,632.2,551.0
63,4,person,604.0,233.8,679.1,529.6
63,5,person,754.0,268.1,839.7,534.3
63,7,person,1193.4,288.2,1276.0,720.0
63,8,person,682.5,291.9,767.7,548.5
63,10,handbag,802.2,317.6,872.1,408.9
63,11,person,299.2,210.9,354.2,363.2
63,14,person,358.8,214.7,463.0,498.2
63,15,person,945.7,238.1,1159.2,718.1
63,16,person,44.2,302.9,115.2,475.1
63,22,handbag,340.5,339.9,381.7,392.7
63,25,handbag,1136.3,850.7,1153.7,933.0
63,27,handbag,1191.6,379.2,1277.0,563.4
64,0,person,462.2,246.3,565.2,512.9
64,1,person,1228.6,304.0,1275.6,723.4
64,2,person,150.3,258.7,276.6,581.9
64,3,person,552.3,312.8,632.4,551.6
64,4,person,604.3,235.9,679.9,532.1
64,5,person,753.5,269.8,838.8,535.4
64,7,person,1194.8,300.7,1274.3,720.9
64,8,person,681.2,291.5,767.9,548.1
64,10,handbag,801.8,318.1,872.2,409.5
64,11,person,297.0,212.7,352.9,363.8
64,14,person,359.5,215.2,464.3,499.2
64,15,person,945.9,239.8,1158.4,718.1
64,16,person,46.1,305.7,117.5,476.2
64,22,handbag,341.3,338.9,384.8,391.9
64,25,handbag,1133.0,882.4,1144.7,959.1
64,27,handbag,1192.7,382.4,1275.8,564.3
65,0,person,462.7,245.8,565.6,513.2
65,1,person,1225.8,306.6,1275.7,723.2
65,2,person,151.7,260.4,276.8,581.9
65,3,person,552.5,314.1,631.5,552.6
65,4,person,600.9,230.7,680.5,532.5
65,5,person,753.1,272.1,839.0,537.6
65,7,person,1194.2,306.5,1274.5,720.6
65,8,person,686.9,292.7,764.1,540.9
65,10,handbag,802.8,319.8,872.5,411.1
65,11,person,294.8,213.2,352.9,364.8
65,14,person,361.0,215.6,466.8,500.8
65,15,person,946.2,240.6,1158.6,717.9
65,16,person,46.1,307.5,119.2,478.2
65,22,handbag,343.1,339.1,386.4,390.5
65,25,handbag,1129.7,914.2,1135.8,985.3
65,27,handbag,1193.8,385.6,1274.6,565.2
65,28,handbag,589.2,351.3,635.4,418.7
66,0,person,463.1,244.8,566.4,511.8
66,1,person,1218.8,306.9,1275.6,724.0
66,2,person,153.8,260.9,277.3,581.6
66,3,person,554.0,315.7,630.3,552.2
66,4,person,597.1,220.2,683.4,533.1
66,5,person,751.0,273.2,838.8,539.2
66,7,person,1192.5,308.3,1275.5,719.6
66,8,person,690.6,293.5,764.3,539.0
66,10,handbag,802.4,322.4,872.0,413.0
66,11,person,294.1,213.9,353.3,365.4
66,14,person,362.6,215.5,469.0,502.1
66,15,person,946.1,241.3,1158.3,717.8
66,16,person,46.3,308.3,119.7,478.2
66,22,handbag,344.5,336.4,388.1,389.0
66,25,handbag,1126.3,946.0,1126.8,1011.4
66,27,handbag,1194.9,388.8,1273.4,566.1
66,28,handbag,588.3,352.0,634.3,419.2
67,0,person,464.3,244.6,568.1,511.6
67,1,person,1213.7,307.8,1275.5,723.8
67,2,person,153.9,262.2,277.2,582.6
67,3,person,552.9,313.0,634.0,555.1
67,4,person,594.0,216.8,683.0,533.7
67,5,person,750.7,274.4,839.0,539.8
67,7,person,1189.1,303.9,1277.9,719.7
67,8,person,691.7,293.5,766.8,540.5
67,10,handbag,803.2,325.4,871.7,414.2
67,11,person,293.6,214.5,354.4,366.4
67,14,person,364.5,216.0,469.5,502.0
67,15,person,946.0,242.4,1158.2,718.0
67,16,person,46.5,308.8,119.5,477.5
67,22,handbag,345.6,335.4,390.0,388.6
67,25,handbag,1123.0,977.7,1117.8,1037.6
67,27,handbag,1196.1,392.0,1272.2,567.0
67,28,handbag,587.3,352.7,633.3,419.7
68,0,person,465.0,243.0,569.3,508.7
68,1,person,1213.8,307.5,1276.8,721.9
68,2,person,153.9,263.3,277.7,584.3
68,3,person,552.4,309.5,637.2,556.3
68,4,person,594.4,220.2,681.2,534.4
68,5,person,750.4,275.0,839.8,540.6
68,7,person,1190.1,305.4,1278.0,717.4
68,8,person,690.7,292.9,769.3,543.4
68,10,handbag,804.9,327.4,871.5,414.1
68,11,person,293.2,215.2,355.8,367.8
68,14,person,365.4,215.8,471.0,502.8
68,15,person,945.8,243.3,1158.6,718.3
68,16,person,47.1,309.2,120.8,477.2
68,22,handbag,347.3,337.3,392.1,389.7
68,25,handbag,1119.7,1009.5,1108.9,1063.7
68,27,handbag,1165.2,534.3,1242.6,675.9
68,28,handbag,586.4,353.4,632.2,420.3
69,0,person,472.1,281.5,544.7,507.6
69,1,person,711.8,306.0,713.1,590.2
69,2,person,151.7,265.4,278.3,586.5
69,3,person,552.6,309.1,640.7,558.2
69,4,person,594.9,223.2,680.3,537.1
69,5,person,750.7,275.5,841.7,541.7
69,7,person,1196.6,307.1,1279.6,715.4
69,8,person,686.3,292.3,770.6,547.6
69,10,handbag,805.1,328.1,871.5,414.6
69,11,person,293.4,216.3,356.6,368.7
69,14,person,366.8,215.9,471.2,501.9
69,15,person,945.6,244.1,1158.5,718.3
69,16,person,47.8,309.2,122.6,477.6
69,22,handbag,348.6,335.5,394.8,390.1
69,27,handbag,1160.6,545.6,1243.4,680.0
69,28,handbag,585.5,354.1,631.1,420.8
70,0,person,479.1,321.8,528.0,509.5
70,1,person,552.7,237.1,597.3,547.7
70,2,person,154.0,267.5,280.2,586.8
70,3,person,553.0,309.7,642.9,559.4
70,4,person,1008.2,290.0,1121.1,656.4
70,5,person,754.7,277.4,842.0,541.0
70,7,person,1206.4,309.2,1281.9,715.3
70,8,person,677.9,291.1,770.7,551.1
70,10,handbag,806.1,329.0,871.9,415.2
70,11,person,293.0,219.4,358.4,370.4
70,14,person,370.7,218.0,472.5,501.4
70,15,person,945.3,244.6,1158.1,718.2
70,16,person,51.5,308.5,125.6,475.9
70,22,handbag,351.1,336.2,397.8,391.4
70,27,handbag,1158.6,547.1,1245.3,678.4
70,28,handbag,584.6,354.8,630.0,421.3
71,0,person,470.4,274.8,556.4,507.0
71,1,person,348.0,191.9,391.2,501.1
71,2,person,146.3,267.9,280.0,588.8
71,3,person,553.9,308.1,646.8,560.2
71,4,person,1188.5,307.8,1311.0,706.3
71,5,person,758.8,278.8,842.8,540.5
71,7,person,1210.1,302.3,1284.2,714.3
71,8,person,676.9,291.8,771.6,552.2
71,10,handbag,807.8,330.1,872.2,415.6
71,11,person,294.7,220.9,358.8,370.0
71,14,person,373.1,218.6,474.0,500.2
71,15,person,945.0,245.1,1157.7,718.3
71,16,person,56.7,307.8,129.5,473.3
71,22,handbag,353.5,336.3,401.3,392.7
71,27,handbag,1157.3,553.8,1243.5,684.5
71,28,handbag,583.7,355.5,628.9,421.8
72,0,person,470.5,250.5,569.9,500.0
72,1,person,546.6,215.4,610.8,532.3
72,2,person,152.5,271.4,282.1,587.0
72,3,person,554.6,308.2,647.4,560.2
72,4,person,1239.7,312.6,1354.8,718.3
72,5,person,761.8,279.3,845.0,541.3
72,7,person,1215.2,302.3,1283.8,713.8
72,8,person,683.2,293.7,773.3,551.2
72,10,handbag,807.4,329.1,872.6,416.0
72,11,person,295.0,221.8,360.3,370.7
72,14,person,378.2,219.6,475.9,497.8
72,15,person,945.0,245.9,1157.5,718.4
72,16,person,64.2,307.8,133.3,470.6
72,22,handbag,357.1,336.8,405.6,393.5
72,27,handbag,1156.1,560.5,1241.7,690.7
72,28,handbag,582.8,356.2,627.8,422.4
73,0,person,472.4,242.8,575.0,500.1
73,1,person,572.7,223.2,648.8,540.0
73,2,person,150.1,272.7,282.7,587.0
73,3,person,555.8,309.2,647.9,560.4
73,4,person,1238.1,306.1,1341.6,713.0
73,5,person,760.5,280.0,843.5,542.6
73,7,person,1218.2,298.1,1284.0,712.7
73,8,person,686.1,293.6,773.4,548.4
73,10,handbag,807.5,328.0,873.2,416.7
73,11,person,295.0,221.8,361.3,371.4
73,14,person,388.0,226.4,476.0,494.7
73,15,person,945.3,246.3,1158.2,718.3
73,16,person,70.6,307.9,137.0,469.6
73,22,handbag,360.1,339.4,408.1,395.2
73,27,handbag,1158.2,546.2,1249.3,677.6
73,28,handbag,581.9,356.9,626.8,422.9
74,0,person,475.0,242.6,575.7,502.2
74,1,person,581.5,227.6,669.6,547.0
74,2,person,150.1,272.3,284.5,585.9
74,3,person,556.9,309.6,648.8,560.7
74,4,person,1221.3,299.4,1315.7,705.2
74,5,person,760.8,281.4,841.8,542.8
74,7,person,1221.3,296.6,1282.8,710.4
74,8,person,685.7,292.7,773.1,547.2
74,10,handbag,807.1,328.5,873.2,418.1
74,11,person,293.8,222.7,363.5,373.7
74,14,person,387.7,225.1,477.5,493.6
74,15,person,945.8,246.8,1159.3,718.2
74,16,person,75.5,308.4,139.8,469.0
74,22,handbag,363.0,342.3,408.5,395.9
74,27,handbag,1158.3,545.7,1250.3,677.9
74,28,handbag,581.0,357.6,625.7,423.4
75,0,person,478.5,246.3,574.4,503.1
75,1,person,590.3,232.0,679.9,548.4
75,2,person,153.7,272.8,286.1,583.5
75,3,person,484.9,262.0,564.2,510.8
75,4,person,1206.2,292.6,1297.6,704.8
75,5,person,764.3,283.4,840.8,542.8
75,7,person,1223.3,293.8,1283.1,711.3
75,8,person,688.1,292.8,774.1,546.8
75,10,handbag,807.4,328.0,873.4,418.4
75,11,person,293.7,223.1,363.2,374.3
75,14,person,390.8,228.0,477.0,491.6
75,15,person,946.0,248.2,1159.5,718.0
75,16,person,77.6,307.9,141.8,469.1
75,22,handbag,366.2,346.1,408.7,396.7
75,27,handbag,1177.7,395.7,1288.3,579.3
75,28,handbag,580.1,358.3,624.6,423.9
76,0,person,480.2,250.9,570.9,504.6
76,1,person,527.4,234.8,599.6,506.0
76,2,person,157.3,272.3,288.0,580.0
76,3,person,528.2,291.9,610.1,542.9
76,4,person,1199.8,291.5,1286.3,704.1
76,5,person,766.2,284.5,840.3,543.8
76,7,person,1223.1,294.2,1281.8,712.7
76,8,person,689.0,292.5,774.9,548.4
76,10,handbag,807.3,328.3,873.6,419.4
76,11,person,294.4,224.1,363.2,374.3
76,14,person,396.6,233.3,477.8,490.3
76,15,person,946.6,248.6,1160.5,717.4
76,16,person,79.2,308.0,142.7,468.1
76,22,handbag,368.8,349.8,409.3,398.3
76,27,handbag,1188.2,365.0,1293.3,561.8
76,28,handbag,579.2,359.0,623.5,424.5
76,29,person,481.1,255.4,549.5,506.9
77,0,person,489.3,247.4,574.5,483.3
77,1,person,564.4,242.8,648.8,528.3
77,2,person,160.8,271.2,289.2,574.7
77,3,person,549.9,306.4,633.6,559.2
77,4,person,1195.6,294.8,1278.7,702.4
77,5,person,766.5,285.0,839.7,545.0
77,7,person,1224.4,299.2,1279.7,713.0
77,8,person,691.0,291.2,774.6,547.1
77,10,handbag,807.1,328.1,874.1,420.5
77,11,person,295.5,225.6,366.5,375.8
77,14,person,400.8,236.1,480.2,490.1
77,15,person,947.1,249.1,1161.2,717.3
77,16,person,79.8,308.8,144.0,470.0
77,22,handbag,371.6,353.2,410.0,399.5
77,27,handbag,1193.7,323.2,1307.7,528.9
77,28,handbag,578.3,359.7,622.4,425.0
77,29,person,487.3,313.3,540.7,512.2
78,0,person,493.3,246.3,577.7,472.5
78,1,person,584.4,246.2,676.2,540.6
78,2,person,164.2,270.1,290.6,569.6
78,3,person,558.5,313.3,642.2,565.7
78,4,person,1198.6,299.2,1277.7,703.5
78,5,person,766.6,285.1,839.7,546.0
78,7,person,1222.4,301.1,1278.7,714.2
78,8,person,693.5,293.6,774.4,546.9
78,10,handbag,807.5,332.3,872.6,421.3
78,11,person,296.6,226.6,367.7,376.7
78,14,person,398.9,235.1,482.7,491.0
78,15,person,948.2,249.5,1163.2,717.5
78,16,person,81.0,309.7,145.2,470.8
78,22,handbag,374.5,356.6,410.6,400.7
78,27,handbag,1200.0,387.9,1285.1,566.2
78,28,handbag,577.4,360.4,621.3,425.5
78,29,person,489.2,329.3,539.8,514.5
79,0,person,487.7,252.6,581.6,493.7
79,1,person,589.9,253.5,684.5,548.4
79,2,person,167.7,269.7,292.2,566.5
79,3,person,560.4,315.3,644.3,567.4
79,4,person,1196.1,292.3,1277.7,698.3
79,5,person,767.2,285.7,839.7,546.8
79,7,person,1222.1,303.0,1277.4,715.2
79,8,person,694.7,295.5,775.2,548.6
79,10,handbag,810.7,337.9,871.6,421.3
79,11,person,297.4,227.7,367.3,376.8
79,14,person,395.6,231.8,484.8,492.2
79,15,person,949.3,250.0,1165.6,717.8
79,16,person,82.1,310.0,147.2,472.2
79,22,handbag,377.4,360.0,411.3,401.9
79,27,handbag,1206.4,391.3,1283.5,561.6
79,28,handbag,576.5,361.2,620.2,426.0
79,29,person,480.7,283.7,556.3,508.8
80,0,person,489.6,252.6,581.2,488.2
80,1,person,590.7,253.6,687.6,551.3
80,2,person,165.7,268.5,293.8,566.3
80,3,person,566.9,320.3,650.9,572.4
80,4,person,1194.0,286.2,1278.1,693.2
80,5,person,767.9,286.0,840.2,547.5
80,7,person,1221.7,304.8,1276.2,716.2
80,8,person,695.6,296.4,776.5,550.9
80,10,handbag,808.3,338.5,872.1,422.7
80,11,person,297.8,228.2,368.2,377.4
80,14,person,396.5,231.3,486.2,492.3
80,15,person,950.6,250.2,1168.7,718.0
80,16,person,84.0,310.3,149.2,472.4
80,22,handbag,380.2,363.4,412.0,403.2
80,27,handbag,1203.0,403.3,1281.1,576.3
80,28,handbag,575.6,361.9,619.2,426.6
80,29,person,482.1,268.0,564.8,505.1
80,31,handbag,1204.8,457.0,1278.1,585.9
81,0,person,491.1,252.5,581.2,483.7
81,1,person,592.0,258.6,686.3,552.8
81,2,person,166.4,269.4,295.1,566.6
81,3,person,573.4,325.2,657.4,577.5
81,4,person,1192.2,281.5,1277.3,689.5
81,5,person,768.6,286.2,841.1,548.1
81,7,person,1221.3,306.7,1274.9,717.1
81,8,person,696.4,296.7,776.0,550.6
81,10,handbag,806.7,337.9,873.0,423.7
81,11,person,298.8,228.9,368.6,377.7
81,14,person,398.0,231.3,485.4,491.5
81,15,person,952.1,251.0,1169.2,718.1
81,16,person,86.5,310.2,152.1,472.3
81,22,handbag,383.1,366.8,412.7,404.4
81,27,handbag,1205.1,410.1,1279.6,579.6
81,29,person,483.7,261.3,570.6,504.6
81,31,handbag,1209.9,469.8,1274.6,590.3
82,0,person,492.6,253.1,581.2,481.7
82,1,person,593.8,266.7,684.3,555.2
82,2,person,171.2,272.4,295.9,566.6
82,3,person,579.8,330.2,664.0,582.6
82,4,person,1190.4,276.8,1276.6,685.8
82,5,person,769.0,286.6,841.8,549.0
82,7,person,1221.0,308.6,1273.6,718.1
82,8,person,696.0,297.1,775.8,552.6
82,10,handbag,806.6,336.5,874.0,423.9
82,11,person,299.6,229.6,368.9,377.8
82,14,person,404.1,238.1,488.0,492.8
82,15,person,953.3,251.7,1170.4,718.2
82,16,person,87.7,310.0,155.0,472.6
82,22,handbag,386.0,370.3,413.3,405.6
82,27,handbag,1207.1,416.9,1278.1,582.9
82,29,person,486.0,259.7,572.9,505.4
82,31,handbag,1215.0,482.7,1271.2,594.6
83,0,person,494.4,253.1,581.8,479.3
83,1,person,593.7,271.1,683.0,556.3
83,2,person,169.5,273.9,295.5,568.3
83,3,person,586.3,335.2,670.5,587.6
83,4,person,1188.6,272.1,1275.8,682.2
83,5,person,770.1,287.2,842.6,549.8
83,7,person,1220.6,310.5,1272.4,719.1
83,8,person,696.0,297.8,775.8,555.5
83,10,handbag,807.2,336.1,874.5,423.8
83,11,person,300.1,229.4,370.9,378.5
83,14,person,405.6,240.3,491.4,495.0
83,15,person,954.2,252.4,1170.7,718.3
83,16,person,88.7,310.1,156.5,472.7
83,22,handbag,388.8,373.7,414.0,406.8
83,27,handbag,1209.1,423.7,1276.6,586.1
83,29,person,487.1,254.7,577.7,504.1
83,31,handbag,1220.0,495.5,1267.8,598.9
84,0,person,495.8,251.4,583.0,477.4
84,1,person,595.2,276.0,682.0,558.6
84,2,person,168.5,275.3,295.3,569.3
84,3,person,592.8,340.2,677.1,592.7
84,4,person,1176.6,278.6,1277.3,697.2
84,5,person,770.7,287.5,844.1,551.2
84,7,person,1220.2,312.4,1271.1,720.1
84,8,person,696.0,298.1,775.8,557.3
84,10,handbag,807.4,335.7,875.2,424.2
84,11,person,300.2,229.7,371.1,379.0
84,14,person,406.9,240.5,495.2,495.6
84,15,person,954.5,252.8,1170.5,718.4
84,16,person,89.3,309.5,157.8,472.5
84,22,handbag,391.7,377.1,414.7,408.0
84,27,handbag,1211.2,430.6,1275.1,589.4
84,29,person,488.2,249.8,582.5,502.9
84,31,handbag,1225.1,508.3,1264.3,603.2
84,35,backpack,1153.6,359.0,1216.0,456.2
85,0,person,491.1,252.8,585.9,490.2
85,1,person,599.0,272.6,684.8,555.9
85,2,person,168.8,277.1,295.5,570.3
85,3,person,599.3,345.2,683.7,597.8
85,4,person,1172.3,276.6,1276.9,699.1
85,5,person,770.5,287.6,843.9,551.3
85,7,person,1219.9,314.2,1269.8,721.0
85,8,person,695.7,298.6,775.5,559.3
85,10,handbag,807.3,333.8,876.0,424.8
85,11,person,299.8,229.8,371.7,379.7
85,14,person,412.4,242.8,499.8,495.6
85,15,person,954.5,252.8,1171.5,719.2
85,16,person,90.9,309.0,159.2,471.0
85,22,handbag,394.6,380.5,415.4,409.3
85,27,handbag,1192.6,551.8,1266.5,694.1
85,29,person,489.3,244.8,587.3,501.6
85,31,handbag,1230.2,521.2,1260.9,607.5
85,35,backpack,1155.4,360.8,1218.7,458.2
86,0,person,492.3,254.2,586.3,494.1
86,1,person,595.6,257.9,687.7,554.0
86,2,person,170.0,278.5,295.1,570.6
86,3,person,605.7,350.1,690.2,602.9
86,4,person,1171.3,278.0,1278.5,702.2
86,5,person,770.9,287.7,844.7,551.7
86,7,person,1219.5,316.1,1268.5,722.0
86,8,person,695.8,298.8,776.5,560.8
86,10,handbag,808.4,332.6,877.3,425.8
86,11,person,300.0,229.9,373.2,380.6
86,14,person,414.7,242.8,502.2,495.8
86,15,person,954.7,253.2,1171.8,719.3
86,16,person,92.9,309.0,161.5,470.8
86,22,handbag,397.4,383.9,416.0,410.5
86,27,handbag,1191.4,583.5,1261.8,722.4
86,29,person,490.5,264.5,564.4,499.6
86,31,handbag,1235.3,534.0,1257.5,611.9
86,34,handbag,817.1,346.2,875.9,424.4
86,35,backpack,1155.6,359.3,1220.5,459.5
87,0,person,493.1,257.0,581.3,495.5
87,1,person,593.7,251.7,690.9,552.8
87,2,person,171.6,280.2,294.5,571.1
87,3,person,612.2,355.1,696.8,607.9
87,4,person,1167.8,277.0,1278.6,703.3
87,5,person,772.3,288.3,845.6,552.2
87,7,person,1219.1,318.0,1267.3,723.0
87,8,person,696.3,298.9,777.3,561.2
87,10,handbag,809.6,335.0,877.2,427.4
87,11,person,300.7,230.4,374.0,381.0
87,14,person,409.9,231.5,503.6,494.7
87,15,person,955.8,253.7,1173.5,719.0
87,16,person,95.0,307.8,163.4,467.5
87,22,handbag,400.3,387.3,416.7,411.7
87,27,handbag,1190.2,615.2,1257.1,750.6
87,29,person,492.5,267.8,560.5,498.4
87,31,handbag,1240.4,546.8,1254.1,616.2
87,34,handbag,817.8,348.2,876.2,425.3
87,35,backpack,1156.1,358.9,1222.8,460.9
88,0,person,496.6,256.7,581.0,493.9
88,1,person,591.8,245.5,694.1,551.6
88,2,person,173.9,281.5,294.4,570.9
88,3,person,566.1,316.0,677.7,572.9
88,4,person,1165.8,276.2,1277.6,700.5
88,5,person,772.7,288.6,846.0,552.9
88,7,person,1218.8,319.9,1266.0,724.0
88,8,person,696.6,298.8,777.9,561.3
88,10,handbag,810.4,337.8,876.7,428.5
88,11,person,300.8,230.4,374.9,381.7
88,14,person,408.4,225.3,503.9,493.5
88,15,person,957.3,254.2,1175.4,719.1
88,16,person,98.0,307.5,164.6,465.2
88,22,handbag,403.2,390.7,417.4,412.9
88,27,handbag,1190.3,563.1,1270.8,700.1
88,29,person,496.2,273.5,559.6,498.4
88,31,handbag,1245.5,559.7,1250.6,620.5
88,34,handbag,819.1,350.5,876.3,426.4
88,35,backpack,1156.7,358.6,1225.0,462.3
89,0,person,499.4,255.2,583.2,492.6
89,1,person,574.8,255.4,683.9,562.7
89,2,person,175.6,282.1,293.9,569.9
89,3,person,564.8,316.9,680.6,571.0
89,4,person,1165.7,275.9,1277.3,698.7
89,5,person,773.9,289.1,846.3,553.2
89,7,person,1177.8,269.3,1260.6,623.9
89,8,person,696.7,299.0,777.5,560.6
89,10,handbag,810.4,337.7,877.0,428.7
89,11,person,301.5,230.9,376.3,382.6
89,14,person,409.6,223.6,505.6,493.0
89,15,person,959.1,255.0,1176.7,718.1
89,16,person,102.7,308.2,166.5,464.0
89,22,handbag,406.0,394.1,418.0,414.1
89,27,handbag,1190.4,565.7,1271.4,703.1
89,29,person,498.6,275.2,562.4,498.8
89,31,handbag,1250.5,572.5,1247.2,624.8
89,34,handbag,818.1,348.5,876.8,425.8
89,35,backpack,1157.2,358.3,1227.3,463.7
90,0,person,501.8,253.4,586.3,491.8
90,1,person,579.0,251.9,686.5,560.7
90,2,person,179.3,281.9,293.6,567.9
90,3,person,565.0,315.5,681.9,570.9
90,4,person,1165.0,275.1,1276.5,697.7
90,5,person,775.0,289.5,846.8,553.8
90,7,person,1175.1,262.3,1256.3,615.3
90,8,person,697.6,300.4,776.0,559.6
90,10,handbag,811.9,332.6,878.6,426.5
90,11,person,302.2,231.7,377.0,383.0
90,14,person,409.9,222.2,506.1,492.9
90,15,person,960.1,255.7,1176.7,717.2
90,16,person,105.3,308.4,168.1,462.9
90,22,handbag,408.9,397.6,418.7,415.4
90,27,handbag,1190.5,568.3,1271.9,706.1
90,29,person,504.2,298.0,559.4,501.9
90,31,handbag,1255.6,585.3,1243.8,629.1
90,34,handbag,818.7,347.1,877.0,424.8
90,35,backpack,1157.7,357.9,1229.6,465.1
91,0,person,499.8,258.0,577.8,493.0
91,1,person,574.0,248.6,686.8,562.0
91,2,person,181.0,280.5,294.1,566.5
91,3,person,565.2,314.2,683.3,570.7
91,4,person,1177.4,272.8,1260.7,635.0
91,5,person,775.0,289.5,847.1,554.4
91,7,person,1172.4,255.3,1252.0,606.6
91,8,person,698.9,300.6,776.6,558.5
91,10,handbag,813.5,330.5,879.1,425.6
91,11,person,302.3,232.2,377.4,383.3
91,14,person,412.2,224.5,505.9,493.3
91,15,person,961.4,256.3,1177.5,716.9
91,16,person,107.0,308.6,169.7,463.1
91,22,handbag,411.7,401.0,419.4,416.6
91,27,handbag,1190.6,570.8,1272.5,709.2
91,29,person,506.4,312.2,560.6,503.8
91,31,handbag,1260.7,598.2,1240.4,633.5
91,34,handbag,819.5,346.3,877.3,424.3
91,35,backpack,1158.2,357.6,1231.8,466.5
92,0,person,499.5,260.6,574.6,492.7
92,1,person,570.7,245.8,687.2,563.0
92,2,person,181.4,279.0,293.7,564.5
92,3,person,560.8,313.1,684.8,572.3
92,4,person,1176.9,276.7,1260.3,618.4
92,5,person,775.1,289.7,847.2,554.9
92,7,person,1169.7,248.3,1247.6,597.9
92,8,person,700.6,300.7,778.1,559.1
92,10,handbag,814.4,329.1,879.6,426.2
92,11,person,302.2,232.6,378.0,384.0
92,14,person,415.8,226.7,507.9,493.8
92,15,person,962.2,256.7,1178.5,717.0
92,16,person,108.0,308.9,171.3,464.4
92,27,handbag,1190.7,573.4,1273.1,712.2
92,29,person,507.1,323.9,561.9,504.7
92,31,handbag,1265.8,611.0,1236.9,637.8
92,34,handbag,820.0,345.1,877.8,424.3
92,35,backpack,1158.8,357.2,1234.1,467.9
92,36,suitcase,1191.0,561.0,1276.3,690.7
93,0,person,499.2,263.2,571.4,492.3
93,1,person,567.4,243.0,687.7,564.0
93,2,person,182.7,277.5,293.7,561.4
93,3,person,561.8,317.4,684.8,572.0
93,4,person,1173.8,279.1,1264.3,613.9
93,5,person,775.5,290.2,847.2,554.9
93,7,person,1167.0,241.3,1243.3,589.3
93,8,person,701.7,300.6,779.8,560.2
93,10,handbag,815.0,329.3,879.5,426.8
93,11,person,302.8,233.0,378.5,384.6
93,14,person,419.4,226.2,511.7,493.1
93,15,person,962.8,257.1,1179.2,717.3
93,16,person,110.4,309.3,173.6,464.6
93,27,handbag,1190.9,576.0,1273.7,715.3
93,29,person,506.4,327.9,565.9,504.1
93,31,handbag,1270.9,623.8,1233.5,642.1
93,34,handbag,820.5,344.1,878.3,424.5
93,35,backpack,1159.3,356.9,1236.4,469.3
93,36,suitcase,1191.9,561.4,1277.4,691.5
94,0,person,499.0,265.7,568.2,492.0
94,1,person,564.0,240.2,688.1,564.9
94,2,person,184.3,276.6,294.0,557.9
94,3,person,565.1,318.9,686.5,571.7
94,4,person,1170.5,280.8,1266.8,613.3
94,5,person,775.6,290.5,847.6,554.6
94,7,person,1164.3,234.3,1238.9,580.6
94,8,person,702.3,300.2,781.6,560.7
94,10,handbag,815.9,333.0,878.7,428.4
94,11,person,303.5,233.6,378.0,384.0
94,14,person,423.1,226.0,514.1,491.6
94,15,person,963.2,257.7,1179.7,717.6
94,16,person,112.9,309.7,176.9,465.0
94,27,handbag,1191.0,578.5,1274.3,718.3
94,29,person,506.0,325.8,571.6,502.2
94,31,handbag,1276.0,636.7,1230.1,646.4
94,34,handbag,820.8,343.4,879.0,424.2
94,35,backpack,1159.8,356.6,1238.7,470.7
94,36,suitcase,1192.6,561.7,1278.4,692.1
95,0,person,498.7,268.3,565.0,491.6
95,1,person,560.7,237.4,688.6,565.9
95,2,person,185.6,275.9,294.9,554.2
95,3,person,567.2,321.0,687.6,572.0
95,4,person,1168.4,282.2,1269.3,613.6
95,5,person,776.4,290.8,848.6,554.4
95,7,person,1161.6,227.3,1234.6,572.0
95,8,person,703.5,300.2,782.9,559.9
95,10,handbag,816.2,327.5,881.1,426.6
95,11,person,303.9,234.1,377.6,383.8
95,14,person,427.3,228.3,512.8,487.5
95,15,person,963.5,258.2,1180.2,717.7
95,16,person,115.0,309.9,179.6,465.0
95,27,handbag,1191.1,581.1,1274.8,721.3
95,29,person,507.5,326.3,574.1,503.6
95,31,handbag,1281.1,649.5,1226.6,650.8
95,34,handbag,819.0,346.1,878.1,426.8
95,35,backpack,1160.4,356.2,1240.9,472.1
95,36,suitcase,1193.3,562.0,1279.4,692.6
96,0,person,498.4,270.9,561.8,491.3
96,1,person,675.6,187.5,687.0,346.8
96,2,person,185.3,275.4,295.8,552.4
96,3,person,569.5,322.6,688.8,572.1
96,4,person,1167.8,285.2,1270.1,614.0
96,5,person,777.0,291.3,849.3,554.6
96,7,person,1158.9,220.2,1230.2,563.3
96,8,person,703.9,299.6,784.1,559.1
96,10,handbag,816.2,324.4,882.5,426.1
96,11,person,304.2,234.7,377.3,383.9
96,14,person,429.2,229.6,510.9,484.1
96,15,person,963.5,258.4,1180.2,717.6
96,16,person,118.8,310.5,181.9,464.5
96,27,handbag,1191.2,583.7,1275.4,724.4
96,29,person,506.1,316.5,575.3,496.7
96,34,handbag,818.3,346.3,878.3,427.8
96,35,backpack,1160.9,355.9,1243.2,473.5
96,36,suitcase,1194.0,562.3,1280.4,693.2
97,0,person,498.2,273.5,558.6,490.9
97,1,person,679.5,188.6,693.6,326.4
97,2,person,185.1,275.1,296.8,551.2
97,3,person,571.7,323.6,689.9,572.3
97,4,person,1168.0,287.6,1270.6,614.3
97,5,person,777.9,291.6,850.5,555.1
97,7,person,1156.2,213.2,1225.9,554.7
97,8,person,700.9,298.4,783.9,560.2
97,10,handbag,816.5,323.5,882.6,426.2
97,11,person,304.8,235.1,377.3,384.2
97,14,person,430.1,229.6,511.9,482.8
97,15,person,963.3,258.5,1180.1,717.8
97,16,person,121.3,311.0,183.1,465.1
97,27,handbag,1191.3,586.2,1276.0,727.4
97,29,person,506.5,323.6,572.0,494.6
97,34,handbag,818.2,346.4,878.6,428.5
97,35,backpack,1161.4,355.5,1245.5,474.8
97,36,suitcase,1194.7,562.6,1281.4,693.8
97,37,person,786.9,217.0,822.5,293.5
98,0,person,497.9,276.1,555.3,490.5
98,1,person,676.5,195.0,697.4,324.8
98,2,person,184.6,275.5,297.7,551.8
98,3,person,573.2,323.7,690.3,572.0
98,4,person,1168.7,287.9,1271.2,613.4
98,5,person,779.2,292.2,851.8,555.4
98,7,person,1153.5,206.2,1221.6,546.0
98,8,person,697.7,297.1,784.4,561.4
98,10,handbag,816.5,322.1,883.6,425.7
98,11,person,305.7,236.1,377.6,384.7
98,14,person,430.7,231.2,510.8,482.0
98,15,person,963.2,258.7,1179.9,717.8
98,16,person,123.2,311.6,183.8,466.1
98,27,handbag,1191.4,588.8,1276.6,730.4
98,29,person,506.9,334.5,566.8,496.2
98,34,handbag,819.0,347.2,878.7,428.9
98,35,backpack,1162.0,355.2,1247.7,476.2
98,36,suitcase,1195.4,562.9,1282.4,694.4
98,37,person,787.4,217.8,823.4,293.8
99,0,person,497.6,278.6,552.1,490.2
99,1,person,672.7,201.9,699.7,328.3
99,2,person,185.1,276.8,298.4,553.0
99,3,person,573.9,324.1,690.3,572.3
99,4,person,1170.3,290.8,1271.6,612.7
99,5,person,779.8,292.8,852.6,555.9
99,7,person,1150.9,199.2,1217.2,537.3
99,8,person,696.3,297.2,785.3,564.0
99,10,handbag,816.5,320.7,884.5,425.2
99,11,person,307.4,237.3,378.2,385.0
99,14,person,431.3,231.3,512.5,482.0
99,15,person,962.5,258.5,1178.8,717.3
99,16,person,126.3,312.3,185.3,466.1
99,27,handbag,1191.5,591.4,1277.2,733.5
99,29,person,505.6,339.4,564.8,497.6
99,34,handbag,818.9,347.9,878.7,429.7
99,35,backpack,1162.5,354.9,1250.0,477.6
99,36,suitcase,1196.1,563.2,1283.3,695.0
99,37,person,787.8,217.8,825.6,294.4
100,0,person,497.3,281.2,548.9,489.8
100,1,person,670.3,207.1,701.1,331.1
100,2,person,184.7,278.2,298.8,554.5
100,3,person,573.0,322.4,690.6,573.1
100,4,person,1169.4,290.3,1271.0,611.9
100,5,person,780.2,293.2,852.8,556.1
100,7,person,1148.2,192.2,1212.9,528.7
100,8,person,703.7,299.1,786.7,563.6
100,10,handbag,816.5,319.2,885.4,424.7
100,11,person,308.4,237.9,379.3,385.6
100,14,person,430.6,230.1,515.9,483.3
100,15,person,962.5,259.0,1178.3,717.2
100,16,person,128.4,311.8,186.7,465.1
100,27,handbag,1191.6,593.9,1277.7,736.5
100,29,person,504.7,340.7,565.7,498.7
100,34,handbag,818.4,347.9,878.8,431.0
100,35,backpack,1163.0,354.5,1252.3,479.0
100,36,suitcase,1195.3,562.2,1279.4,691.0
100,37,person,788.4,217.7,826.9,295.1
101,0,person,497.1,283.8,545.7,489.5
101,1,person,668.5,209.2,702.9,332.6
101,2,person,185.5,279.2,299.1,555.0
101,3,person,571.3,321.8,690.5,574.6
101,4,person,1169.3,291.4,1270.5,611.8
101,5,person,780.7,293.7,853.6,556.6
101,7,person,1145.5,185.2,1208.5,520.0
101,8,person,705.4,300.1,787.2,564.1
101,10,handbag,816.5,317.8,886.4,424.2
101,11,person,308.3,238.5,379.4,386.4
101,14,person,426.3,230.6,518.5,485.5
101,15,person,962.9,259.8,1178.6,717.0
101,16,person,131.7,311.4,189.2,464.3
101,27,handbag,1191.7,596.5,1278.3,739.5
101,29,person,505.7,343.9,566.1,498.9
101,34,handbag,818.5,347.0,879.5,432.0
101,35,backpack,1163.6,354.2,1254.5,480.4
101,36,suitcase,1195.8,562.3,1279.5,690.9
101,37,person,789.0,217.7,828.3,295.8
102,0,person,496.8,286.4,542.5,489.1
102,1,person,668.3,210.2,704.1,332.4
102,2,person,190.1,282.1,299.5,555.6
102,3,person,570.4,322.3,689.8,575.3
102,4,person,1168.2,292.5,1270.4,612.7
102,5,person,781.4,294.3,854.5,557.2
102,7,person,1142.8,178.2,1204.2,511.4
102,8,person,707.9,299.7,788.8,564.7
102,10,handbag,816.5,316.4,887.3,423.7
102,11,person,307.5,238.9,379.1,387.2
102,14,person,430.5,232.5,522.5,485.0
102,15,person,963.1,260.4,1178.8,717.0
102,16,person,134.9,311.1,191.3,462.8
102,27,handbag,1191.8,599.1,1278.9,742.6
102,29,person,506.4,345.1,567.0,498.6
102,34,handbag,818.7,345.8,880.3,432.7
102,36,suitcase,1196.2,562.4,1279.7,690.7
102,37,person,789.6,217.7,829.7,296.5
103,0,person,496.5,289.0,539.3,488.8
103,1,person,669.4,212.3,705.9,332.5
103,2,person,192.5,283.9,299.9,556.3
103,3,person,570.2,323.2,689.2,576.0
103,4,person,1166.8,291.7,1271.7,614.8
103,5,person,781.5,294.8,854.7,557.5
103,7,person,1140.1,171.2,1199.9,502.7
103,8,person,707.9,298.7,788.7,564.4
103,10,handbag,816.5,315.0,888.2,423.2
103,11,person,307.2,239.2,379.4,387.9
103,14,person,434.1,232.0,527.2,484.4
103,15,person,963.4,260.9,1180.3,719.1
103,16,person,137.1,311.4,192.6,461.7
103,27,handbag,1191.9,601.6,1279.5,745.6
103,29,person,505.8,340.6,569.2,497.5
103,34,handbag,818.5,343.6,881.2,433.4
103,36,suitcase,1199.4,567.0,1279.9,695.4
103,37,person,790.2,217.6,831.0,297.3
104,0,person,496.3,291.6,536.1,488.4
104,1,person,670.7,213.8,706.9,331.9
104,2,person,194.1,285.2,300.8,557.6
104,3,person,567.5,322.4,688.5,577.0
104,4,person,1167.2,295.3,1271.9,617.0
104,5,person,781.5,296.0,854.0,557.8
104,7,person,1137.4,164.2,1195.5,494.1
104,8,person,708.0,299.4,788.1,563.5
104,10,handbag,816.5,313.5,889.2,422.7
104,11,person,306.6,239.4,379.7,388.7
104,14,person,436.5,232.1,530.4,484.5
104,15,person,963.5,260.9,1180.1,718.1
104,16,person,139.3,311.5,193.2,459.8
104,29,person,506.8,339.4,569.8,496.7
104,34,handbag,818.4,341.8,882.1,434.4
104,36,suitcase,1200.5,568.8,1280.4,696.6
104,37,person,790.8,217.6,832.4,298.0
104,38,backpack,437.6,273.7,502.5,366.9
105,0,person,496.0,294.1,532.9,488.0
105,1,person,670.6,215.3,705.8,331.3
105,2,person,193.7,285.6,300.9,557.5
105,3,person,568.1,322.7,690.1,578.0
105,4,person,1167.1,299.8,1270.1,618.0
105,5,person,780.8,297.3,853.5,558.6
105,8,person,709.9,301.3,788.6,564.5
105,10,handbag,816.5,312.1,890.1,422.2
105,11,person,306.4,239.0,380.8,390.2
105,14,person,436.9,234.7,530.2,485.2
105,15,person,963.3,260.8,1180.3,717.6
105,16,person,141.6,311.9,195.0,458.8
105,29,person,509.5,342.6,570.2,497.1
105,34,handbag,818.5,343.8,881.7,436.3
105,36,suitcase,1201.6,570.7,1280.8,697.8
105,37,person,791.4,217.6,833.7,298.7
105,38,backpack,436.9,275.6,500.0,364.4
106,0,person,495.7,296.7,529.7,487.7
106,1,person,671.5,216.5,705.3,331.2
106,2,person,193.8,285.8,301.2,555.7
106,3,person,569.8,324.4,690.5,578.3
106,4,person,1165.7,303.0,1267.9,619.8
106,5,person,780.2,298.0,853.2,559.3
106,8,person,709.8,302.8,789.2,567.0
106,10,handbag,816.5,310.7,891.1,421.7
106,11,person,307.0,240.1,381.6,391.1
106,14,person,436.0,233.2,530.3,485.1
106,15,person,963.1,261.1,1179.8,717.1
106,16,person,143.7,311.9,196.6,457.3
106,29,person,511.4,343.1,571.2,497.1
106,34,handbag,818.0,345.1,881.4,438.0
106,36,suitcase,1202.7,572.6,1281.3,699.1
106,37,person,792.0,217.5,835.1,299.4
106,38,backpack,436.9,276.0,498.7,363.3
107,1,person,672.3,217.7,704.9,331.1
107,2,person,195.3,286.0,302.9,554.7
107,3,person,569.3,324.8,690.6,578.3
107,4,person,1164.5,305.2,1267.3,622.0
107,5,person,780.2,298.7,853.6,560.6
107,8,person,707.9,303.1,789.0,568.6
107,10,handbag,816.5,309.2,892.0,421.2
107,11,person,307.0,241.4,382.1,392.3
107,14,person,436.7,231.4,530.5,485.0
107,15,person,963.0,261.9,1178.9,717.0
107,16,person,145.8,310.8,198.1,454.7
107,29,person,512.2,341.0,573.0,497.1
107,34,handbag,817.7,346.3,880.9,439.3
107,36,suitcase,1203.9,574.5,1281.7,700.3
107,37,person,792.6,217.5,836.5,300.2
107,38,backpack,438.3,275.0,500.7,364.1
108,1,person,673.1,218.9,704.4,331.0
108,2,person,195.8,285.3,304.3,552.9
108,3,person,568.1,325.1,690.8,579.2
108,4,person,1166.1,306.3,1267.3,621.8
108,5,person,780.0,299.5,853.2,561.5
108,8,person,706.8,302.9,788.5,567.2
108,10,handbag,816.5,307.8,892.9,420.7
108,11,person,306.8,243.5,381.3,392.9
108,14,person,437.4,230.5,531.5,486.0
108,15,person,963.6,263.2,1178.9,717.9
108,16,person,148.7,310.9,199.5,453.6
108,29,person,513.1,340.3,574.5,497.1
108,34,handbag,818.2,347.5,880.1,439.0
108,36,suitcase,1205.0,576.3,1282.2,701.5
108,37,person,793.2,217.5,837.8,300.9
108,38,backpack,439.9,273.4,504.7,364.8
109,1,person,674.0,220.2,703.9,330.9
109,2,person,195.4,284.1,306.7,553.0
109,3,person,568.9,326.9,689.7,580.2
109,4,person,1167.5,307.7,1267.5,621.9
109,5,person,779.6,300.0,853.0,563.1
109,8,person,705.7,302.0,789.5,567.3
109,10,handbag,816.5,306.4,893.9,420.2
109,11,person,306.8,244.6,381.7,393.7
109,14,person,439.5,231.9,531.6,487.2
109,15,person,962.7,263.5,1178.7,719.3
109,16,person,151.3,312.5,200.9,454.6
109,29,person,514.2,340.1,573.6,495.0
109,34,handbag,818.5,348.6,880.0,439.3
109,36,suitcase,1206.1,578.2,1282.6,702.7
109,37,person,793.8,217.5,839.2,301.6
109,38,backpack,442.6,275.9,507.2,365.9
110,1,person,674.8,221.4,703.5,330.8
110,2,person,197.0,283.5,309.1,552.0
110,3,person,571.1,327.3,689.2,580.2
110,4,person,1168.1,308.2,1267.9,623.9
110,5,person,780.6,301.2,852.4,563.3
110,8,person,702.9,300.6,789.2,567.5
110,10,handbag,813.3,341.5,880.6,441.0
110,11,person,306.6,246.3,381.3,394.5
110,14,person,441.7,235.3,531.1,488.5
110,15,person,963.0,264.4,1178.5,719.4
110,16,person,153.2,312.8,202.6,454.4
110,29,person,515.3,339.7,574.1,494.1
110,34,handbag,818.8,349.7,879.6,439.6
110,36,suitcase,1207.2,580.1,1283.1,703.9
110,37,person,794.4,217.4,840.5,302.3
110,38,backpack,444.7,276.7,509.4,366.8
111,1,person,675.6,222.6,703.0,330.8
111,2,person,200.6,282.9,310.8,548.4
111,3,person,572.5,328.1,687.2,580.4
111,4,person,1167.6,305.8,1269.7,626.2
111,5,person,780.1,301.9,852.4,565.1
111,8,person,700.3,300.5,788.7,568.0
111,10,handbag,812.6,341.2,881.0,441.8
111,11,person,306.0,247.1,380.6,395.2
111,14,person,443.6,237.0,532.1,489.6
111,15,person,963.3,264.7,1178.5,718.9
111,16,person,153.8,312.6,203.6,455.0
111,29,person,516.4,339.3,574.6,493.1
111,34,handbag,819.1,350.8,879.2,440.0
111,36,suitcase,1208.4,582.0,1283.5,705.1
111,37,person,795.0,217.4,841.9,303.1
111,38,backpack,446.7,280.4,508.6,366.9
112,1,person,562.2,338.6,664.8,569.8
112,2,person,202.9,282.0,311.7,543.3
112,3,person,572.1,328.0,686.5,581.7
112,4,person,1167.9,305.1,1270.9,627.9
112,5,person,780.3,302.3,852.6,566.2
112,8,person,699.2,301.2,789.1,568.4
112,10,handbag,810.9,340.3,881.0,442.0
112,11,person,305.7,248.2,379.5,395.7
112,14,person,444.8,237.4,533.3,490.0
112,15,person,963.5,265.2,1178.5,718.7
112,16,person,154.2,312.2,204.0,455.8
112,29,person,514.0,267.6,622.9,484.6
112,34,handbag,820.2,355.5,879.1,441.4
112,36,suitcase,1209.5,583.9,1284.0,706.3
112,37,person,795.6,217.4,843.2,303.8
112,38,backpack,448.5,279.3,508.5,363.9
113,1,person,540.3,362.0,660.1,610.3
113,2,person,203.9,281.2,311.9,539.0
113,3,person,719.1,312.7,826.8,568.1
113,4,person,1165.9,306.1,1269.4,628.3
113,5,person,780.4,302.8,852.3,567.1
113,8,person,697.7,302.7,788.8,568.6
113,10,handbag,815.8,345.7,880.0,441.0
113,11,person,304.7,248.6,377.9,396.1
113,14,person,447.1,240.8,533.2,490.1
113,15,person,963.6,266.1,1178.2,718.6
113,16,person,155.7,312.8,205.7,456.8
113,29,person,516.5,256.8,628.6,483.6
113,34,handbag,820.9,357.7,878.6,442.3
113,36,suitcase,1210.6,585.7,1284.5,707.5
113,37,person,796.2,217.3,844.6,304.5
113,38,backpack,451.4,282.0,509.0,362.8
114,1,person,518.4,385.4,655.3,650.9
114,2,person,204.2,280.6,312.4,536.4
114,3,person,795.4,306.1,901.5,559.9
114,4,person,1167.1,307.9,1272.1,630.3
114,5,person,780.3,303.5,852.1,568.3
114,8,person,694.4,303.2,789.2,571.2
114,10,handbag,818.0,347.2,880.1,440.7
114,11,person,304.3,249.2,376.8,396.8
114,14,person,448.4,239.8,535.0,489.3
114,15,person,962.5,266.3,1177.9,719.7
114,16,person,157.4,312.6,206.7,455.6
114,29,person,519.1,255.5,628.7,484.0
114,34,handbag,821.7,359.8,878.1,443.2
114,36,suitcase,1211.7,587.6,1284.9,708.7
114,37,person,796.8,217.3,846.0,305.2
114,38,backpack,454.2,283.5,509.2,361.7
115,1,person,496.5,408.9,650.6,691.4
115,2,person,204.5,281.0,312.8,535.0
115,3,person,604.1,328.0,684.6,573.8
115,4,person,1167.9,311.1,1270.4,630.6
115,5,person,780.0,304.6,851.3,568.9
115,8,person,694.3,304.4,790.8,573.5
115,10,handbag,818.7,348.2,880.7,441.4
115,11,person,304.7,249.4,376.8,397.5
115,14,person,451.0,239.7,538.1,488.6
115,15,person,962.9,267.4,1177.6,719.0
115,16,person,158.5,312.1,208.6,455.2
115,29,person,520.6,248.6,634.3,481.4
115,34,handbag,822.4,361.9,877.6,444.1
115,36,suitcase,1212.8,589.5,1285.4,709.9
115,38,backpack,456.9,285.0,509.4,360.6
116,1,person,474.6,432.3,645.9,732.0
116,2,person,205.6,281.8,313.2,534.2
116,3,person,568.4,335.3,640.4,572.6
116,4,person,1168.0,316.4,1266.8,631.2
116,5,person,780.2,305.7,850.9,569.3
116,8,person,689.1,303.0,791.3,575.8
116,10,handbag,818.9,349.8,880.7,442.2
116,11,person,305.2,249.5,376.8,397.7
116,14,person,451.6,238.9,540.7,487.8
116,15,person,963.3,268.0,1177.2,718.4
116,16,person,160.0,312.6,209.7,454.8
116,29,person,523.5,257.4,628.6,485.0
116,34,handbag,823.2,364.1,877.1,445.0
116,36,suitcase,1214.0,591.4,1285.8,711.1
116,38,backpack,459.7,286.6,509.5,359.6
116,40,suitcase,675.0,451.5,735.2,546.4
117,1,person,452.8,455.7,641.1,772.5
117,2,person,208.0,281.6,313.6,532.4
117,3,person,749.3,310.9,839.9,569.1
117,4,person,1167.9,322.2,1263.6,631.7
117,5,person,780.9,306.9,850.6,569.6
117,8,person,692.1,305.3,793.4,579.1
117,10,handbag,819.7,351.2,880.8,442.8
117,11,person,305.2,250.2,376.2,398.4
117,14,person,452.5,238.7,542.7,485.6
117,15,person,963.1,268.3,1176.9,718.2
117,16,person,162.5,313.4,210.5,453.6
117,29,person,526.1,256.1,630.9,486.0
117,34,handbag,822.9,359.8,880.3,442.7
117,36,suitcase,1215.1,593.3,1286.3,712.4
117,38,backpack,462.4,288.1,509.7,358.5
117,40,suitcase,674.9,451.6,735.1,546.7
118,1,person,705.2,316.2,797.5,567.6
118,2,person,209.6,281.8,313.7,531.8
118,3,person,787.4,307.0,880.6,568.4
118,4,person,1167.4,327.3,1263.3,632.9
118,5,person,781.5,307.7,851.4,570.5
118,8,person,690.2,305.0,793.0,578.9
118,10,handbag,820.5,352.6,880.9,443.5
118,11,person,305.2,251.1,376.0,399.1
118,14,person,453.8,238.3,543.2,481.7
118,15,person,962.9,268.7,1176.9,718.1
118,16,person,164.9,313.8,211.1,452.3
118,29,person,550.7,313.4,644.9,551.6
118,34,handbag,823.0,359.9,880.9,442.9
118,36,suitcase,1216.2,595.1,1286.7,713.6
118,38,backpack,465.2,289.6,509.9,357.5
118,40,suitcase,674.7,451.8,735.0,546.9
119,1,person,736.2,309.1,825.8,557.9
119,2,person,210.5,282.3,313.9,532.6
119,3,person,797.1,306.3,891.3,569.2
119,4,person,1164.4,319.2,1269.4,632.9
119,5,person,782.2,308.1,852.1,570.8
119,8,person,698.5,307.0,794.2,576.2
119,10,handbag,821.3,353.9,881.0,444.2
119,11,person,305.1,251.5,376.3,399.9
119,14,person,453.9,238.0,543.9,479.5
119,15,person,962.9,269.2,1177.0,718.1
119,16,person,166.0,313.6,212.3,452.3
119,29,person,560.0,334.2,648.5,580.2
119,34,handbag,822.7,359.3,881.4,443.1
119,38,backpack,468.0,291.1,510.1,356.4
119,40,suitcase,674.5,451.9,734.9,547.2
120,1,person,767.2,302.1,854.2,548.3
120,2,person,212.6,284.1,314.3,533.7
120,3,person,823.2,303.9,919.5,568.9
120,4,person,1165.3,315.0,1272.8,631.4
120,5,person,782.9,307.5,855.6,571.9
120,8,person,703.5,308.3,793.9,574.4
120,10,handbag,822.1,355.3,881.1,444.9
120,11,person,305.1,252.7,375.9,400.2
120,14,person,455.5,238.4,543.4,477.8
120,15,person,963.0,270.9,1176.3,718.3
120,16,person,167.4,315.3,214.3,455.3
120,29,person,568.4,362.4,657.4,608.7
120,34,handbag,821.6,359.1,880.7,443.2
120,38,backpack,470.7,292.6,510.2,355.3
120,40,suitcase,674.3,452.1,734.8,547.4
121,1,person,798.1,295.1,882.6,538.6
121,2,person,213.2,284.8,316.2,535.4
121,3,person,791.1,307.1,884.4,570.2
121,4,person,1166.4,315.5,1273.5,630.8
121,5,person,781.9,307.8,854.3,572.1
121,8,person,702.8,307.9,793.4,575.2
121,10,handbag,822.9,356.7,881.2,445.5
121,11,person,305.2,253.8,375.5,400.5
121,14,person,456.4,237.9,543.5,476.5
121,15,person,962.7,271.8,1175.8,718.4
121,16,person,169.9,316.9,215.7,454.6
121,29,person,565.0,338.9,651.4,590.6
121,34,handbag,820.9,359.3,880.2,443.4
121,38,backpack,473.5,294.2,510.4,354.3
121,40,suitcase,674.1,452.3,734.8,547.7
122,1,person,829.1,288.0,910.9,529.0
122,2,person,214.2,285.6,316.6,535.8
122,3,person,785.4,307.7,877.8,570.8
122,4,person,1167.4,316.0,1273.8,630.6
122,5,person,781.3,308.1,852.7,572.1
122,8,person,693.1,304.2,792.0,577.3
122,10,handbag,823.7,358.1,881.3,446.2
122,11,person,305.3,254.3,375.5,400.6
122,14,person,457.7,236.4,543.8,475.2
122,15,person,962.3,272.1,1175.9,718.6
122,16,person,171.8,315.1,218.0,453.6
122,29,person,566.8,334.1,654.3,591.3
122,34,handbag,820.8,360.4,879.9,443.7
122,38,backpack,476.2,295.7,510.6,353.2
122,40,suitcase,673.9,452.4,734.7,547.9
122,41,handbag,1214.7,556.1,1279.9,715.2
123,1,person,860.1,281.0,939.3,519.3
123,2,person,215.0,286.3,315.9,535.7
123,3,person,782.7,307.7,876.8,572.8
123,4,person,1169.4,321.5,1273.4,631.4
123,5,person,781.0,308.0,852.6,572.4
123,8,person,690.3,303.9,791.3,577.0
123,10,handbag,824.5,359.5,881.3,446.9
123,11,person,305.2,255.0,375.5,401.0
123,14,person,459.1,235.2,545.5,475.8
123,15,person,962.0,272.2,1175.9,718.4
123,16,person,173.0,313.2,219.7,452.8
123,29,person,565.3,331.6,645.6,589.5
123,34,handbag,820.9,361.7,879.6,444.1
123,38,backpack,479.0,297.2,510.8,352.2
123,40,suitcase,673.7,452.6,734.6,548.2
123,41,handbag,1214.5,555.9,1280.1,715.3
124,1,person,1152.0,325.6,1255.7,623.2
124,2,person,215.9,285.8,314.9,534.8
124,3,person,782.1,308.1,876.7,574.0
124,4,person,1169.0,322.8,1274.2,631.6
124,5,person,781.2,308.4,852.7,573.0
124,8,person,690.3,305.2,790.3,575.8
124,10,handbag,825.3,360.9,881.4,447.5
124,11,person,305.1,255.2,375.6,401.2
124,14,person,460.2,234.2,546.6,476.2
124,15,person,961.5,272.2,1175.2,718.1
124,16,person,175.6,312.9,221.5,452.3
124,29,person,566.5,330.2,649.0,590.6
124,34,handbag,821.1,361.6,880.0,444.1
124,38,backpack,481.8,298.7,510.9,351.1
124,40,suitcase,673.6,452.7,734.5,548.4
124,41,handbag,1214.3,555.6,1280.3,715.5
125,1,person,1176.7,324.4,1274.9,628.8
125,2,person,218.3,286.2,314.4,534.0
125,3,person,781.8,308.0,876.6,574.3
125,4,person,1165.5,320.3,1273.7,631.2
125,5,person,780.8,308.4,852.4,573.5
125,8,person,690.0,306.4,789.4,574.9
125,10,handbag,826.1,362.3,881.5,448.2
125,11,person,304.9,255.4,375.9,401.4
125,14,person,461.7,233.8,548.0,476.9
125,15,person,961.1,272.3,1174.7,717.9
125,16,person,178.0,314.6,223.5,453.6
125,29,person,567.1,334.5,646.7,591.1
125,34,handbag,821.1,361.1,880.2,443.9
125,38,backpack,484.5,300.3,511.1,350.0
125,40,suitcase,673.4,452.9,734.4,548.7
125,41,handbag,1214.0,555.4,1280.5,715.7
126,1,person,1173.9,321.7,1266.6,627.2
126,2,person,219.2,285.6,314.9,532.9
126,3,person,781.7,307.9,876.6,574.4
126,4,person,1167.2,322.7,1275.1,632.4
126,5,person,780.5,308.4,852.3,573.8
126,8,person,689.0,307.2,788.7,575.7
126,10,handbag,826.9,363.7,881.6,448.9
126,11,person,305.0,255.6,376.3,401.5
126,14,person,464.2,233.3,551.3,477.3
126,15,person,960.8,271.9,1174.6,717.9
126,16,person,180.3,314.4,226.0,452.3
126,29,person,566.9,340.9,640.9,591.2
126,34,handbag,821.1,360.3,880.4,443.7
126,38,backpack,487.3,301.8,511.3,349.0
126,40,suitcase,673.2,453.0,734.3,548.9
126,41,handbag,1213.8,555.1,1280.7,715.9
127,1,person,1165.5,317.4,1257.0,627.8
127,2,person,219.9,284.2,314.9,530.6
127,3,person,782.0,308.1,876.7,574.4
127,4,person,1165.5,321.6,1275.2,632.8
127,5,person,780.7,308.5,852.6,574.2
127,8,person,688.7,307.4,789.7,576.8
127,10,handbag,827.7,365.1,881.7,449.5
127,11,person,305.8,255.8,376.8,401.4
127,14,person,467.1,232.7,554.2,477.5
127,15,person,960.6,271.9,1174.2,717.7
127,16,person,182.9,314.5,227.8,450.7
127,29,person,565.5,342.3,638.1,591.3
127,34,handbag,821.2,359.9,880.6,444.1
127,38,backpack,490.0,303.3,511.4,347.9
127,40,suitcase,673.0,453.2,734.2,549.2
127,41,handbag,1213.6,554.9,1280.9,716.1
128,1,person,1160.0,315.4,1250.8,629.9
128,2,person,220.3,284.8,315.4,530.9
128,3,person,781.9,308.2,876.7,574.5
128,4,person,1164.1,321.0,1275.9,633.4
128,5,person,780.7,308.5,852.8,574.3
128,8,person,701.0,310.1,792.0,574.0
128,10,handbag,828.5,366.5,881.8,450.2
128,11,person,306.1,256.0,377.1,401.5
128,14,person,469.0,233.6,556.1,478.1
128,15,person,960.4,272.5,1173.7,717.7
128,16,person,185.2,314.3,230.6,449.8
128,29,person,564.1,345.3,635.2,592.0
128,34,handbag,821.5,359.9,880.6,444.4
128,38,backpack,492.8,304.8,511.6,346.8
128,40,suitcase,672.8,453.4,734.1,549.4
128,41,handbag,1213.4,554.7,1281.1,716.3
129,1,person,1160.5,316.1,1249.5,631.3
129,2,person,225.1,285.4,315.3,529.0
129,3,person,782.0,308.3,876.9,574.5
129,4,person,1164.5,322.6,1275.0,633.4
129,5,person,780.8,308.5,852.8,574.3
129,8,person,699.7,309.4,793.1,577.6
129,10,handbag,829.4,367.8,881.8,450.9
129,11,person,305.9,256.0,377.3,401.9
129,14,person,470.1,229.3,559.9,477.6
129,15,person,960.4,272.9,1173.0,717.5
129,16,person,186.2,311.8,235.8,452.0
129,29,person,562.5,346.7,630.7,589.2
129,34,handbag,821.6,359.8,880.8,444.5
129,40,suitcase,672.6,453.5,734.0,549.7
129,41,handbag,1213.2,554.4,1281.4,716.5
130,1,person,764.6,289.4,840.7,585.0
130,2,person,228.4,284.4,314.5,524.9
130,3,person,782.0,308.2,877.1,574.4
130,4,person,1162.9,317.3,1274.4,631.5
130,5,person,781.0,308.4,853.4,574.3
130,8,person,698.4,309.7,792.0,579.9
130,10,handbag,830.2,369.2,881.9,451.6
130,11,person,305.7,256.2,377.4,402.2
130,14,person,472.9,235.0,558.4,477.5
130,15,person,960.3,272.9,1172.8,717.6
130,16,person,187.6,311.3,238.1,452.9
130,29,person,560.0,344.0,632.6,590.9
130,34,handbag,821.9,360.0,880.9,444.6
130,40,suitcase,672.4,453.7,733.9,549.9
130,41,handbag,1212.9,554.2,1281.6,716.7
131,1,person,592.3,277.9,664.9,565.0
131,2,person,230.2,283.0,313.6,520.5
131,3,person,782.1,308.1,877.2,574.4
131,4,person,1159.4,318.9,1261.9,630.8
131,5,person,781.3,308.2,854.8,574.7
131,8,person,698.5,310.3,791.6,581.7
131,10,handbag,831.0,370.6,882.0,452.2
131,11,person,305.4,256.3,377.4,402.4
131,14,person,474.6,237.6,559.7,478.1
131,15,person,960.2,273.1,1172.5,717.6
131,16,person,188.6,316.6,237.1,453.9
131,29,person,556.9,335.4,636.3,591.0
131,34,handbag,822.1,360.2,881.2,445.0
131,40,suitcase,672.3,453.8,733.8,550.2
131,41,handbag,1212.7,553.9,1281.8,716.9
132,1,person,549.9,276.6,621.6,559.7
132,2,person,231.9,281.5,314.1,516.5
132,3,person,782.1,308.1,877.3,574.5
132,4,person,1156.3,319.8,1255.8,628.8
132,5,person,781.8,307.6,857.2,575.0
132,8,person,698.8,310.3,791.9,582.5
132,11,person,306.2,256.6,377.1,401.9
132,14,person,477.3,249.1,558.0,478.9
132,15,person,960.2,273.3,1172.5,717.5
132,16,person,189.0,321.1,236.7,454.3
132,29,person,555.4,336.4,634.2,591.5
132,34,handbag,822.1,360.2,881.3,445.1
132,41,handbag,1212.5,553.7,1282.0,717.1
133,1,person,438.6,268.8,505.9,547.5
133,2,person,233.8,279.9,316.0,513.1
133,3,person,1133.1,316.1,1252.8,622.6
133,4,person,1186.8,313.1,1280.7,627.9
133,5,person,782.0,307.3,858.9,575.1
133,8,person,700.1,309.9,793.0,582.6
133,11,person,306.6,255.0,377.5,401.8
133,14,person,478.6,253.2,559.0,478.5
133,15,person,960.2,273.6,1172.5,717.4
133,16,person,189.1,319.3,239.4,453.2
133,29,person,553.5,330.5,637.9,591.2
133,34,handbag,822.2,360.1,881.3,445.1
133,41,handbag,1212.3,553.5,1282.2,717.3
134,1,person,327.3,261.1,390.2,535.4
134,2,person,234.6,279.0,318.1,511.9
134,3,person,1247.2,319.6,1378.4,637.6
134,4,person,1169.2,316.5,1255.5,628.8
134,5,person,782.7,306.5,864.0,576.0
134,8,person,699.6,309.5,793.4,582.8
134,11,person,307.0,254.3,377.4,401.9
134,14,person,479.6,253.0,562.5,477.7
134,15,person,960.2,273.8,1172.8,717.3
134,16,person,190.3,312.5,248.3,451.7
134,29,person,552.8,328.0,638.2,590.4
134,34,handbag,822.3,359.9,881.5,445.1
134,41,handbag,1212.1,553.2,1282.4,717.5
135,1,person,662.6,300.1,752.8,584.1
135,2,person,233.0,280.0,318.0,511.7
135,3,person,1361.3,323.0,1504.0,652.6
135,4,person,1160.7,318.1,1243.4,630.0
135,5,person,783.3,306.2,867.8,576.3
135,8,person,709.7,311.5,793.6,576.1
135,11,person,307.2,253.7,377.5,402.1
135,14,person,479.1,249.8,562.7,475.7
135,15,person,960.0,273.7,1173.1,717.2
135,16,person,193.2,318.8,246.2,451.8
135,29,person,552.2,326.9,640.7,590.8
135,34,handbag,822.3,360.0,881.6,445.2
135,41,handbag,1211.9,553.0,1282.6,717.6
136,1,person,699.8,306.0,793.8,593.8
136,2,person,233.1,280.4,319.2,512.0
136,3,person,1475.4,326.5,1629.6,667.6
136,4,person,1159.6,318.0,1242.6,631.9
136,5,person,783.0,307.1,865.9,575.2
136,8,person,713.1,313.3,795.7,579.5
136,11,person,307.2,253.5,377.1,402.4
136,14,person,479.4,246.1,560.2,472.7
136,15,person,959.8,273.7,1173.3,717.3
136,16,person,196.7,321.5,249.2,451.8
136,29,person,553.4,295.8,671.7,589.6
136,34,handbag,822.1,359.8,881.7,445.3
136,41,handbag,1211.6,552.7,1282.8,717.8
137,1,person,1158.5,309.8,1227.9,588.3
137,2,person,232.5,280.2,321.2,511.5
137,3,person,1589.5,330.0,1755.3,682.6
137,4,person,1159.6,318.0,1239.7,632.6
137,5,person,781.4,308.1,861.8,574.3
137,8,person,713.1,314.4,795.0,582.0
137,11,person,307.0,253.1,376.6,402.7
137,14,person,481.6,241.0,563.3,470.2
137,15,person,959.8,273.5,1173.3,717.3
137,16,person,199.9,322.5,252.9,451.0
137,29,person,548.5,273.3,684.8,587.7
137,34,handbag,822.2,359.6,881.7,445.1
137,41,handbag,1211.4,552.5,1283.1,718.0
138,1,person,1366.9,317.0,1430.5,589.7
138,2,person,230.1,280.4,321.8,511.9
138,3,person,1703.7,333.5,1880.9,697.6
138,4,person,1160.3,317.4,1237.6,631.4
138,5,person,779.9,308.7,857.5,573.7
138,8,person,695.8,312.2,790.3,586.9
138,11,person,307.0,253.3,376.2,402.7
138,14,person,484.4,239.5,566.3,468.7
138,15,person,960.0,273.6,1173.0,717.4
138,16,person,203.4,323.5,255.4,451.0
138,29,person,551.5,279.2,685.3,588.3
138,34,handbag,822.2,359.3,882.0,445.1
139,1,person,1575.3,324.2,1633.1,591.1
139,2,person,224.9,280.7,322.1,513.5
139,3,person,967.3,279.8,1190.3,712.3
139,4,person,1160.5,316.3,1236.7,630.2
139,5,person,779.5,308.8,855.1,573.6
139,8,person,688.9,312.1,788.8,588.5
139,11,person,307.4,253.5,375.8,402.3
139,14,person,528.6,269.6,655.4,552.3
139,15,person,843.6,295.7,951.3,617.9
139,16,person,440.1,259.7,541.8,457.3
139,29,person,578.7,272.3,690.3,576.1
139,34,handbag,822.6,360.1,882.3,445.5
140,1,person,1263.9,285.7,1310.4,528.1
140,2,person,227.4,282.2,324.4,513.4
140,3,person,825.6,300.2,940.7,610.8
140,4,person,1163.4,311.2,1253.0,631.2
140,5,person,780.3,308.7,854.2,573.3
140,8,person,700.7,312.1,792.8,585.3
140,11,person,308.1,254.0,375.4,402.2
140,14,person,547.8,272.4,693.9,586.0
140,15,person,904.3,279.8,1082.3,677.6
140,16,person,496.2,241.7,602.5,457.2
140,29,person,591.0,267.3,691.4,572.0
140,34,handbag,822.8,360.6,883.3,446.5
141,1,person,1245.9,274.2,1294.4,512.1
141,2,person,235.4,284.3,324.2,510.3
141,3,person,771.7,305.8,851.9,573.7
141,4,person,1165.3,309.9,1262.9,631.1
141,5,person,780.8,308.4,853.6,573.1
141,8,person,693.0,307.3,791.8,584.8
141,11,person,309.1,254.4,376.0,402.7
141,14,person,563.8,311.1,694.7,601.3
141,15,person,942.4,273.3,1154.1,708.9
141,16,person,511.8,236.2,613.9,455.7
141,29,person,592.1,262.9,690.6,573.3
141,34,handbag,823.0,360.8,883.8,446.6
141,43,person,603.4,257.0,677.2,449.3
142,1,person,1257.1,262.9,1300.8,496.0
142,2,person,241.8,285.5,325.5,508.1
142,3,person,761.5,305.8,839.0,566.1
142,4,person,1165.3,311.4,1265.4,630.5
142,5,person,781.3,307.9,853.8,572.6
142,8,person,706.1,312.6,793.5,580.9
142,11,person,310.2,254.3,377.8,402.9
142,14,person,522.4,262.6,617.0,509.5
142,15,person,961.0,272.3,1181.9,719.8
142,16,person,505.5,241.9,593.8,454.6
142,29,person,577.3,299.7,678.3,593.0
142,34,handbag,823.3,361.1,884.3,446.7
142,43,person,604.2,257.0,679.7,451.0
143,1,person,785.3,304.7,858.3,564.1
143,2,person,237.8,283.5,325.8,509.9
143,3,person,767.2,305.0,851.4,568.2
143,4,person,1164.4,312.7,1265.6,629.4
143,5,person,782.3,307.6,854.8,572.5
143,8,person,698.8,311.8,792.5,580.2
143,11,person,310.4,254.5,378.4,403.3
143,14,person,501.3,237.3,582.7,465.2
143,15,person,967.3,273.1,1187.2,721.5
143,16,person,498.1,244.5,578.4,455.2
143,29,person,568.7,317.3,675.1,601.0
143,34,handbag,823.6,361.9,884.7,446.6
143,43,person,606.1,257.2,681.6,449.1
144,1,person,1039.9,419.8,1115.1,681.1
144,2,person,234.3,281.2,326.4,510.1
144,3,person,775.2,304.8,866.1,571.8
144,4,person,1163.3,312.4,1269.1,628.6
144,5,person,782.6,307.2,855.5,572.6
144,8,person,710.1,314.0,793.9,573.9
144,11,person,310.7,254.4,378.8,403.1
144,14,person,629.3,286.5,727.1,533.6
144,15,person,967.6,273.4,1184.8,720.3
144,16,person,496.1,241.6,579.4,458.0
144,29,person,566.7,324.3,677.6,601.8
144,34,handbag,823.7,362.1,885.4,446.7
144,43,person,608.2,256.5,683.7,446.8
145,1,person,1168.8,468.6,1242.2,725.8
145,2,person,234.5,279.2,327.2,508.8
145,3,person,780.1,306.2,868.5,570.2
145,4,person,1162.3,313.1,1270.0,628.1
145,5,person,782.9,306.9,856.1,572.5
145,8,person,702.0,313.3,792.8,577.2
145,11,person,311.6,253.9,379.2,402.3
145,14,person,553.9,250.7,642.8,485.5
145,15,person,966.1,273.5,1180.5,719.0
145,16,person,495.9,241.1,580.1,458.5
145,29,person,565.6,324.8,680.8,599.6
145,34,handbag,824.0,362.3,885.8,446.9
145,43,person,612.4,256.5,686.8,445.4
146,1,person,1218.5,480.2,1291.5,733.9
146,2,person,236.1,278.3,329.4,507.8
146,3,person,783.5,305.8,875.4,570.7
146,4,person,1161.8,314.3,1269.1,625.9
146,5,person,782.0,307.5,854.3,573.0
146,8,person,707.0,315.9,794.1,578.5
146,11,person,311.9,253.2,378.9,401.4
146,14,person,512.3,235.8,594.4,461.7
146,15,person,965.1,273.3,1178.4,718.3
146,16,person,495.6,240.5,580.9,458.9
146,29,person,566.6,324.7,683.1,595.8
146,34,handbag,824.3,362.5,886.2,447.2
146,43,person,615.7,255.7,688.5,442.8
147,1,person,877.6,370.0,954.2,626.3
147,2,person,238.4,276.5,331.3,504.3
147,3,person,784.9,304.6,880.8,571.3
147,4,person,1159.3,317.3,1255.7,622.7
147,5,person,782.5,307.5,854.8,573.5
147,8,person,698.6,313.2,793.3,579.3
147,11,person,313.2,253.1,378.6,400.9
147,14,person,496.7,228.5,578.8,453.9
147,15,person,964.9,273.1,1177.2,717.8
147,16,person,495.4,240.0,581.6,459.3
147,29,person,567.9,324.2,685.9,593.0
147,34,handbag,824.7,362.7,886.6,447.4
147,43,person,617.9,255.9,689.2,440.7
148,1,person,1078.6,303.3,1140.2,533.4
148,2,person,240.2,275.0,332.1,500.8
148,3,person,787.0,303.2,885.0,572.1
148,4,person,1158.4,318.5,1243.0,616.4
148,5,person,784.6,306.0,861.6,574.1
148,8,person,711.1,315.6,795.2,572.8
148,11,person,314.5,253.7,377.6,400.1
148,14,person,495.0,223.1,580.6,454.0
148,15,person,964.7,273.0,1176.4,717.8
148,16,person,495.2,239.5,582.3,459.8
148,29,person,567.7,323.8,687.0,591.7
148,34,handbag,825.0,362.9,887.0,447.7
148,43,person,619.6,256.0,690.1,440.3
149,1,person,1186.7,281.5,1243.8,497.9
149,2,person,241.9,273.5,333.1,497.5
149,3,person,789.1,301.9,889.2,572.9
149,4,person,1157.6,318.6,1238.8,617.6
149,5,person,786.0,306.2,863.0,573.7
149,8,person,717.4,316.5,796.5,569.9
149,11,person,316.0,254.0,378.2,399.9
149,14,person,499.6,224.4,584.8,456.2
149,15,person,964.7,272.5,1175.7,717.5
149,16,person,495.0,239.0,583.0,460.2
149,29,person,567.7,324.7,687.8,591.0
149,34,handbag,823.3,358.0,890.2,448.8
149,43,person,619.3,255.5,691.1,441.2
149,45,backpack,825.2,361.5,888.4,447.3
150,1,person,1262.6,242.0,1309.5,448.3
150,2,person,243.0,271.9,333.9,494.6
150,3,person,785.2,307.6,874.5,570.1
150,4,person,1157.6,316.3,1242.4,620.9
150,5,person,787.5,305.7,865.2,573.8
150,8,person,718.2,317.1,795.6,570.4
150,11,person,317.8,255.3,377.4,399.7
150,14,person,504.5,227.7,586.5,457.7
150,15,person,964.6,271.1,1176.3,717.2
150,16,person,494.7,238.5,583.7,460.6
150,29,person,565.7,325.1,688.0,590.9
150,34,handbag,820.7,353.9,890.8,448.6
150,43,person,619.5,253.2,693.8,440.1
150,45,backpack,826.0,361.9,888.6,447.1
151,1,person,1237.4,278.0,1281.8,458.7
151,2,person,244.1,271.0,335.0,492.2
151,3,person,785.3,308.9,872.5,569.4
151,4,person,1158.3,315.5,1246.4,625.2
151,5,person,786.6,305.3,867.1,573.6
151,8,person,718.3,316.7,795.7,571.6
151,11,person,318.5,255.8,377.4,400.8
151,14,person,510.9,230.2,597.1,460.6
151,15,person,965.2,270.3,1177.3,717.3
151,16,person,494.5,237.9,584.5,461.0
151,29,person,564.8,324.8,688.8,590.5
151,34,handbag,828.2,361.6,889.0,446.3
151,43,person,620.0,251.5,695.7,439.8
151,45,backpack,826.8,362.2,888.8,446.8
152,1,person,1227.6,289.7,1288.7,488.7
152,2,person,246.2,270.3,335.4,489.6
152,3,person,785.4,310.2,870.6,568.6
152,4,person,1159.2,313.6,1255.0,631.0
152,5,person,786.9,306.2,865.5,572.7
152,8,person,716.2,317.5,796.9,579.6
152,11,person,319.0,256.4,376.9,401.4
152,14,person,513.3,230.0,597.3,459.8
152,15,person,966.0,270.0,1178.2,717.6
152,16,person,494.3,237.4,585.2,461.5
152,29,person,561.3,311.4,691.3,587.5
152,34,handbag,831.7,365.1,888.9,445.4
152,43,person,627.4,249.4,701.7,438.3
152,45,backpack,827.5,362.6,889.0,446.6
152,47,handbag,821.5,351.3,891.5,448.2
153,1,person,1219.5,295.5,1288.5,505.5
153,2,person,248.0,269.8,336.7,488.2
153,3,person,785.4,311.6,868.6,567.9
153,4,person,1160.4,312.8,1260.5,634.6
153,5,person,788.0,307.0,863.8,571.7
153,8,person,716.5,317.0,798.2,582.9
153,11,person,320.1,256.2,378.6,401.8
153,14,person,513.5,225.5,594.0,457.1
153,15,person,966.8,269.9,1179.0,717.8
153,16,person,494.0,236.9,585.9,461.9
153,29,person,560.5,300.2,693.4,585.6
153,34,handbag,833.4,367.0,889.7,445.4
153,43,person,630.6,247.9,705.5,437.3
153,45,backpack,828.3,362.9,889.2,446.4
153,47,handbag,822.7,351.4,892.1,448.6
154,1,person,1220.2,298.5,1297.1,516.4
154,2,person,248.1,269.2,337.6,487.6
154,3,person,785.5,312.9,866.6,567.2
154,4,person,1161.4,311.3,1274.1,645.1
154,5,person,788.5,307.3,862.5,571.2
154,8,person,716.6,316.7,799.0,584.7
154,11,person,321.9,255.8,383.2,402.4
154,14,person,514.8,223.2,593.9,456.7
154,15,person,967.3,269.8,1179.3,718.1
154,16,person,493.8,236.4,586.6,462.3
154,29,person,561.7,302.1,692.1,586.7
154,34,handbag,834.1,366.7,891.4,445.4
154,43,person,637.0,252.5,705.3,435.4
154,45,backpack,829.1,363.3,889.4,446.2
154,47,handbag,822.2,350.7,892.9,449.0
155,1,person,1221.0,301.5,1305.8,527.3
155,2,person,248.5,269.5,338.1,487.0
155,3,person,785.6,314.2,864.6,566.4
155,4,person,1162.7,312.6,1275.4,647.7
155,5,person,788.8,307.1,862.3,571.1
155,8,person,707.5,314.4,797.7,587.5
155,11,person,322.6,255.6,385.8,402.5
155,14,person,518.5,227.6,596.3,458.5
155,15,person,967.9,269.9,1179.8,718.4
155,16,person,493.6,235.9,587.3,462.8
155,29,person,562.8,299.5,692.4,586.9
155,34,handbag,834.2,366.1,892.6,445.3
155,43,person,642.8,254.4,706.5,433.5
155,45,backpack,829.9,363.6,889.6,445.9
155,47,handbag,822.0,350.0,893.4,449.0
156,1,person,1221.7,304.5,1314.5,538.2
156,2,person,249.3,270.8,338.9,488.0
156,3,person,785.7,315.5,862.7,565.7
156,4,person,1162.8,314.7,1269.3,646.5
156,5,person,788.6,306.5,862.5,571.4
156,8,person,702.3,313.7,796.7,588.9
156,11,person,322.7,255.3,387.1,402.3
156,14,person,521.3,230.7,598.3,459.2
156,15,person,969.0,269.6,1181.2,718.7
156,16,person,493.4,235.4,588.0,463.2
156,29,person,567.7,311.2,691.0,589.4
156,34,handbag,835.0,366.1,893.3,444.8
156,43,person,646.0,254.5,708.8,433.0
156,45,backpack,830.6,364.0,889.8,445.7
156,47,handbag,822.6,349.9,893.5,448.6
157,1,person,1222.5,307.5,1323.1,549.1
157,2,person,251.0,272.1,339.8,488.7
157,3,person,785.8,316.8,860.7,565.0
157,4,person,1164.8,314.1,1258.3,631.8
157,5,person,789.0,306.5,862.5,571.5
157,8,person,704.7,314.3,797.4,587.9
157,11,person,322.3,255.2,387.8,401.8
157,14,person,524.6,241.7,594.5,459.5
157,15,person,969.7,269.1,1182.1,718.8
157,16,person,493.1,234.8,588.8,463.6
157,29,person,570.3,319.4,690.8,591.3
157,34,handbag,832.4,363.8,893.7,446.0
157,43,person,648.9,255.2,714.4,436.5
157,45,backpack,831.4,364.4,889.9,445.5
157,47,handbag,822.8,350.1,893.5,448.5
158,1,person,1223.2,310.5,1331.8,560.0
158,2,person,255.1,274.7,341.2,489.1
158,3,person,785.8,318.2,858.7,564.2
158,4,person,1168.1,309.9,1262.7,624.7
158,5,person,789.9,306.5,862.8,571.7
158,8,person,706.4,312.0,802.1,587.5
158,11,person,321.5,255.1,387.8,401.4
158,14,person,526.4,246.3,592.9,458.3
158,15,person,970.4,268.6,1182.8,718.6
158,16,person,492.9,234.3,589.5,464.1
158,29,person,570.6,322.5,692.2,592.4
158,34,handbag,835.5,365.9,892.9,443.5
158,43,person,652.1,255.7,718.5,438.1
158,45,backpack,832.2,364.7,890.1,445.3
158,47,handbag,824.4,351.5,893.6,448.1
159,1,person,1224.0,313.5,1340.4,570.9
159,2,person,258.7,275.8,342.2,488.3
159,3,person,785.9,319.5,856.7,563.5
159,4,person,1170.9,310.1,1266.3,622.2
159,5,person,789.5,306.2,863.1,572.1
159,8,person,708.4,312.3,800.4,584.5
159,11,person,321.2,255.3,387.8,401.2
159,14,person,527.6,248.6,593.3,457.1
159,15,person,971.4,268.2,1184.0,718.6
159,16,person,492.7,233.8,590.2,464.5
159,29,person,569.9,323.7,693.3,592.4
159,34,handbag,836.8,364.9,894.0,442.6
159,43,person,655.3,256.2,722.7,439.6
159,45,backpack,832.9,365.1,890.3,445.1
159,47,handbag,826.5,353.3,893.8,447.8
160,1,person,1224.7,316.5,1349.1,581.8
160,2,person,260.6,275.9,343.2,487.7
160,3,person,786.0,320.8,854.8,562.7
160,4,person,1169.9,312.2,1263.7,620.3
160,5,person,789.4,306.1,863.6,571.9
160,8,person,700.6,310.3,794.4,582.4
160,11,person,322.0,255.5,388.1,400.6
160,14,person,529.2,248.0,597.5,455.5
160,15,person,971.8,268.0,1184.2,718.8
160,29,person,569.6,323.7,693.2,590.9
160,34,handbag,838.4,364.8,894.5,442.3
160,43,person,658.5,256.8,726.9,441.1
160,45,backpack,835.2,363.4,894.2,445.4
160,47,handbag,827.2,353.5,894.1,447.6
161,1,person,1225.5,319.5,1357.7,592.7
161,2,person,261.1,275.3,344.1,487.4
161,3,person,786.1,322.1,852.8,562.0
161,4,person,1170.6,312.2,1266.1,620.8
161,5,person,787.6,305.7,863.5,572.3
161,8,person,697.0,309.2,790.3,580.2
161,11,person,322.9,255.3,390.2,401.2
161,14,person,531.7,246.7,600.4,452.6
161,15,person,972.4,267.7,1186.0,719.2
161,29,person,569.7,323.1,697.3,591.2
161,34,handbag,839.3,364.3,895.6,442.8
161,43,person,661.7,257.3,731.1,442.7
161,45,backpack,836.3,363.1,895.0,445.6
161,47,handbag,828.7,353.3,895.2,447.6
162,1,person,1226.2,322.5,1366.4,603.6
162,2,person,262.4,273.7,346.0,486.4
162,3,person,786.2,323.5,850.8,561.3
162,4,person,1170.5,309.7,1269.3,620.2
162,5,person,786.0,305.4,864.0,572.6
162,8,person,695.5,308.3,788.8,578.7
162,11,person,322.6,255.9,389.1,400.4
162,14,person,534.8,244.6,602.4,448.4
162,15,person,972.3,267.5,1186.4,719.2
162,29,person,569.9,322.5,700.7,591.5
162,34,handbag,839.6,363.7,896.5,443.2
162,43,person,656.8,254.5,722.8,434.5
162,45,backpack,836.8,362.5,895.7,445.6
162,47,handbag,829.4,352.6,896.0,447.5
163,1,person,1227.0,325.5,1375.1,614.5
163,2,person,263.9,272.3,347.6,484.4
163,3,person,786.2,324.8,848.8,560.5
163,4,person,1169.4,314.1,1258.2,619.3
163,5,person,783.9,305.1,864.5,572.9
163,8,person,696.0,308.3,790.7,579.2
163,11,person,323.3,256.8,388.3,400.9
163,14,person,536.5,242.6,602.6,445.0
163,15,person,972.8,267.5,1187.2,719.2
163,29,person,570.8,324.6,701.8,590.7
163,34,handbag,839.5,363.0,897.1,443.3
163,43,person,657.4,254.2,724.0,433.4
163,45,backpack,836.6,361.2,896.2,445.1
163,47,handbag,830.1,351.7,896.6,446.9
164,1,person,1227.7,328.5,1383.7,625.4
164,2,person,265.1,270.8,348.6,482.4
164,3,person,786.3,326.1,846.8,559.8
164,4,person,1168.8,316.7,1253.5,617.7
164,5,person,787.6,306.0,866.1,571.8
164,8,person,705.6,311.8,793.9,578.6
164,11,person,323.0,257.6,388.4,404.1
164,14,person,537.7,240.6,604.4,443.8
164,15,person,973.3,267.8,1187.5,718.9
164,29,person,570.1,325.3,702.4,589.8
164,34,handbag,839.7,362.5,898.0,443.5
164,43,person,657.6,249.3,727.8,432.3
164,45,backpack,836.2,359.7,897.1,444.3
164,47,handbag,830.8,351.2,897.4,446.5
165,1,person,564.0,328.7,662.3,586.1
165,2,person,268.2,269.5,349.8,477.9
165,3,person,786.4,327.4,844.9,559.1
165,4,person,1174.6,315.3,1252.9,607.8
165,5,person,789.5,306.5,867.6,571.6
165,8,person,715.9,314.6,794.9,573.9
165,11,person,323.5,258.1,388.9,406.8
165,14,person,540.7,241.4,606.3,443.4
165,15,person,973.9,268.0,1189.0,719.1
165,29,person,569.0,324.6,702.5,588.5
165,34,handbag,839.9,362.0,898.9,443.6
165,43,person,659.6,249.4,730.8,432.3
165,45,backpack,836.9,359.8,897.8,443.6
165,47,handbag,831.6,350.7,898.2,446.0
166,1,person,490.2,332.0,590.0,590.9
166,2,person,269.6,268.7,350.7,474.9
166,4,person,1176.9,316.1,1249.6,602.9
166,5,person,791.5,306.8,869.0,571.6
166,8,person,719.6,316.4,800.1,579.8
166,11,person,324.2,258.2,389.5,409.0
166,14,person,544.1,243.6,609.0,444.7
166,15,person,974.1,268.0,1189.5,718.9
166,29,person,569.8,325.9,702.4,587.3
166,34,handbag,840.0,361.4,899.7,443.7
166,43,person,662.4,252.0,732.6,432.0
166,45,backpack,836.9,359.6,898.8,443.5
166,47,handbag,832.3,350.2,899.0,445.6
167,1,person,416.4,335.3,517.7,595.6
167,2,person,269.6,268.2,352.3,473.3
167,4,person,1177.0,308.8,1263.0,604.7
167,5,person,792.1,306.9,869.3,571.6
167,8,person,722.7,317.0,800.0,577.7
167,11,person,325.3,259.0,391.2,412.4
167,14,person,547.0,244.5,611.2,444.8
167,15,person,974.0,268.5,1188.9,718.6
167,29,person,570.2,326.3,704.2,588.3
167,34,handbag,840.2,360.9,900.6,443.8
167,43,person,665.0,250.0,734.6,428.4
167,45,backpack,836.8,359.8,899.4,443.5
167,47,handbag,833.0,349.7,899.8,445.2
168,1,person,342.6,338.5,445.3,600.4
168,2,person,269.2,268.5,353.0,473.1
168,4,person,1178.4,305.4,1266.5,603.3
168,5,person,791.8,306.8,869.3,572.2
168,8,person,723.0,318.3,798.8,577.8
168,11,person,326.4,259.2,395.3,417.2
168,14,person,550.0,245.4,613.3,444.9
168,15,person,974.0,268.7,1188.5,718.5
168,29,person,569.9,326.4,705.0,588.5
168,34,handbag,840.4,360.3,901.4,444.0
168,43,person,667.5,250.1,735.2,425.1
168,45,backpack,837.3,360.7,899.5,443.0
168,47,handbag,833.7,349.1,900.6,444.7
169,1,person,2.0,457.5,74.5,708.1
169,2,person,270.6,269.5,353.2,472.7
169,4,person,1162.3,321.4,1282.7,675.1
169,5,person,793.2,307.1,870.4,572.6
169,8,person,721.5,317.8,799.8,578.7
169,11,person,326.3,260.2,389.6,417.3
169,14,person,562.7,323.0,671.3,576.4
169,15,person,973.9,269.0,1188.3,718.6
169,29,person,568.9,325.0,704.7,587.6
169,34,handbag,840.6,359.8,902.3,444.1
169,43,person,668.9,251.6,735.3,424.3
169,45,backpack,837.9,361.0,899.6,442.8
169,47,handbag,834.5,348.6,901.4,444.3
170,1,person,-41.4,458.0,38.4,722.3
170,2,person,273.1,270.2,353.9,472.3
170,4,person,1161.5,315.5,1291.6,702.8
170,5,person,795.2,307.5,871.7,572.7
170,8,person,719.4,316.3,801.9,580.8
170,11,person,327.6,260.1,387.5,416.7
170,14,person,565.5,334.0,672.9,595.0
170,15,person,973.9,269.1,1188.3,718.7
170,29,person,566.8,326.8,697.5,587.7
170,34,handbag,840.8,359.2,903.2,444.2
170,43,person,667.3,247.1,736.7,424.5
170,45,backpack,838.5,361.3,899.8,442.7
170,47,handbag,835.2,348.1,902.2,443.9
170,50,handbag,696.1,465.0,741.4,546.4
171,1,person,-37.9,446.2,50.7,719.2
171,2,person,276.2,271.0,354.8,472.0
171,4,person,1163.8,315.5,1290.7,712.3
171,5,person,796.0,307.3,873.5,573.3
171,8,person,718.9,316.8,800.5,581.5
171,11,person,328.3,260.0,386.9,418.1
171,14,person,569.0,354.6,685.1,624.3
171,15,person,973.8,269.1,1188.6,718.9
171,29,person,564.1,332.0,677.2,585.2
171,34,handbag,841.0,358.7,904.0,444.4
171,43,person,667.2,246.4,736.8,424.6
171,45,backpack,839.0,361.5,899.9,442.5
171,47,handbag,835.9,347.6,903.0,443.4
171,50,handbag,694.8,458.4,743.8,545.9
172,1,person,-23.4,418.1,76.9,706.2
172,2,person,276.1,271.9,355.0,472.8
172,4,person,1167.4,314.3,1287.8,713.9
172,5,person,794.9,307.7,872.4,574.0
172,8,person,718.3,315.5,806.8,586.0
172,11,person,328.5,259.0,388.7,420.2
172,14,person,572.5,375.2,697.4,653.7
172,15,person,973.9,269.3,1189.0,719.4
172,29,person,564.1,332.9,668.7,585.3
172,34,handbag,841.2,358.1,904.9,444.5
172,43,person,668.1,246.5,737.7,424.7
172,45,backpack,839.6,361.8,900.0,442.3
172,47,handbag,836.6,347.1,903.8,443.0
172,50,handbag,696.0,464.0,743.1,546.7
173,1,person,-12.7,405.3,98.0,710.3
173,2,person,274.6,273.1,354.6,473.8
173,4,person,1167.0,317.2,1290.2,719.6
173,5,person,792.6,307.3,871.2,573.8
173,8,person,718.6,316.2,809.0,587.6
173,11,person,328.4,258.9,389.7,421.4
173,14,person,576.0,395.9,709.6,683.0
173,15,person,974.2,269.3,1189.3,719.3
173,29,person,566.3,333.2,665.7,586.7
173,34,handbag,841.4,357.6,905.7,444.6
173,43,person,669.4,246.9,738.7,424.8
173,45,backpack,837.3,360.8,902.9,445.3
173,47,handbag,837.3,346.6,904.6,442.5
173,50,handbag,697.2,468.1,742.3,546.9
174,1,person,-13.8,392.6,109.5,710.2
174,2,person,274.1,273.2,357.0,474.6
174,4,person,1166.6,320.1,1292.5,725.3
174,5,person,789.2,306.8,870.2,573.8
174,8,person,718.6,317.0,808.7,587.2
174,11,person,328.7,257.5,393.3,424.6
174,14,person,579.5,416.5,721.8,712.4
174,15,person,974.6,269.6,1189.1,719.2
174,29,person,568.2,331.3,667.6,588.7
174,34,handbag,841.6,357.1,906.6,444.7
174,43,person,670.5,247.2,740.0,425.8
174,45,backpack,838.9,362.0,902.7,444.5
174,47,handbag,838.1,346.0,905.4,442.1
174,50,handbag,698.4,470.6,741.6,547.3
175,1,person,-15.0,379.9,121.0,710.1
175,2,person,276.2,274.7,358.9,474.7
175,4,person,1174.4,309.8,1284.9,710.6
175,5,person,787.8,306.6,870.2,573.1
175,8,person,720.0,317.3,808.8,585.2
175,11,person,328.5,257.0,395.5,426.5
175,14,person,583.0,437.1,734.1,741.7
175,15,person,975.1,269.8,1189.2,719.2
175,29,person,569.4,329.1,669.7,589.9
175,34,handbag,841.7,356.5,907.5,444.9
175,43,person,672.7,248.5,741.8,426.6
175,45,backpack,839.9,362.7,902.7,444.2
175,47,handbag,839.2,360.8,903.1,446.9
175,50,handbag,699.7,473.1,740.8,547.8
176,1,person,-16.1,367.2,132.4,710.0
176,2,person,277.6,274.8,360.2,474.6
176,4,person,1175.8,308.1,1282.7,710.4
176,5,person,791.4,307.8,871.1,571.6
176,8,person,721.3,318.7,804.6,582.5
176,11,person,328.4,256.5,397.8,428.4
176,14,person,586.5,457.7,746.3,771.0
176,15,person,975.5,270.2,1189.3,719.3
176,29,person,571.1,327.0,671.3,589.9
176,34,handbag,841.9,356.0,908.3,445.0
176,43,person,675.3,251.2,742.3,427.2
176,45,backpack,840.9,363.4,902.8,444.0
176,47,handbag,840.1,361.8,903.3,447.2
176,50,handbag,701.0,475.6,740.0,548.2
177,1,person,-6.2,373.8,121.9,713.2
177,2,person,279.0,275.5,360.5,474.0
177,4,person,1177.5,307.1,1281.7,710.3
177,5,person,791.4,307.8,871.7,571.1
177,8,person,721.1,318.2,802.1,580.9
177,11,person,356.2,291.6,394.5,427.0
177,14,person,590.0,478.4,758.5,800.4
177,15,person,975.9,270.1,1189.6,719.4
177,29,person,573.8,325.4,670.5,588.2
177,34,handbag,842.1,355.4,909.2,445.1
177,43,person,677.6,253.2,743.1,427.7
177,45,backpack,841.8,364.1,902.8,443.7
177,47,handbag,840.8,361.9,904.3,445.7
177,50,handbag,702.3,478.1,739.3,548.7
178,1,person,1.4,400.2,116.6,719.3
178,2,person,280.7,275.8,362.1,473.6
178,4,person,1180.1,307.1,1281.5,710.8
178,5,person,785.5,306.4,871.6,572.4
178,8,person,722.0,318.2,798.1,577.4
178,11,person,363.9,302.7,400.6,428.2
178,14,person,593.5,499.0,770.8,829.7
178,15,person,976.1,269.8,1189.9,719.2
178,29,person,577.4,327.5,670.7,588.2
178,34,handbag,842.3,354.9,910.0,445.2
178,43,person,677.6,248.6,744.8,426.9
178,45,backpack,842.8,364.8,902.8,443.5
178,47,handbag,841.3,362.2,904.7,445.3
178,50,handbag,703.5,480.6,738.5,549.1
179,1,person,3.9,413.8,112.9,722.1
179,2,person,282.3,275.4,365.0,473.6
179,4,person,1180.4,304.5,1281.6,710.9
179,5,person,780.2,305.6,871.6,573.6
179,8,person,723.3,317.9,796.8,575.1
179,11,person,368.0,306.9,408.2,429.4
179,14,person,621.9,286.4,720.2,565.0
179,15,person,976.6,269.8,1190.2,718.9
179,29,person,579.4,328.9,670.9,589.2
179,43,person,680.6,248.4,746.5,424.7
179,45,backpack,843.8,365.5,902.9,443.3
179,47,handbag,842.0,362.6,905.1,445.2
179,50,handbag,704.8,483.1,737.8,549.6
180,1,person,2.4,411.6,112.3,719.9
180,2,person,284.8,276.0,369.7,474.6
180,4,person,1181.8,303.6,1280.8,710.6
180,5,person,779.6,306.7,872.1,574.9
180,8,person,725.1,317.9,797.6,574.0
180,11,person,369.2,306.9,417.7,430.5
180,14,person,628.2,274.8,724.3,551.2
180,15,person,977.4,270.0,1191.8,719.0
180,29,person,579.8,329.7,669.3,590.4
180,43,person,682.2,248.5,747.6,425.9
180,45,backpack,844.8,366.2,902.9,443.0
180,47,handbag,841.4,361.4,906.1,446.4
180,50,handbag,706.1,485.6,737.0,550.0
181,1,person,-2.9,389.8,115.1,714.7
181,2,person,288.9,275.3,374.6,473.9
181,4,person,1184.1,304.7,1274.1,692.9
181,5,person,779.7,307.4,872.8,575.4
181,8,person,725.1,318.0,799.5,576.1
181,11,person,370.9,306.6,426.7,429.5
181,14,person,634.4,263.2,728.3,537.5
181,15,person,977.8,270.0,1192.7,719.0
181,29,person,579.8,329.0,667.3,589.8
181,43,person,683.5,247.8,748.3,426.2
181,45,backpack,845.8,366.9,903.0,442.8
181,47,handbag,841.2,359.3,907.2,446.9
181,50,handbag,707.4,488.1,736.2,550.5
182,1,person,-5.9,372.3,115.8,710.5
182,2,person,291.3,273.3,378.3,472.6
182,4,person,1185.7,303.1,1268.8,670.8
182,5,person,780.5,307.7,873.7,575.5
182,8,person,726.0,317.8,801.4,576.4
182,11,person,370.1,307.3,432.9,429.7
182,14,person,640.6,251.6,732.4,523.7
182,15,person,978.3,270.0,1193.7,719.1
182,29,person,580.9,327.4,669.1,590.2
182,43,person,684.8,246.9,748.6,426.1
182,45,backpack,846.8,367.6,903.0,442.5
182,47,handbag,840.8,357.1,908.0,446.9
182,50,handbag,708.6,490.6,735.5,551.0
183,1,person,-8.6,351.9,116.2,706.8
183,2,person,293.9,271.9,381.2,470.7
183,4,person,1176.8,302.1,1277.4,692.1
183,5,person,781.5,307.5,874.8,574.9
183,8,person,727.5,318.3,801.9,576.0
183,11,person,370.6,308.2,436.5,428.7
183,14,person,646.9,240.0,736.5,510.0
183,15,person,978.6,270.1,1194.4,719.0
183,29,person,582.1,326.0,670.4,590.3
183,43,person,687.3,246.3,748.5,423.9
183,45,backpack,847.8,368.3,903.0,442.3
183,47,handbag,843.0,358.7,907.9,446.6
183,50,handbag,709.9,493.1,734.7,551.4
184,1,person,-9.4,338.2,114.8,705.8
184,2,person,295.5,270.1,383.9,467.4
184,4,person,1183.6,297.0,1267.9,651.5
184,5,person,783.6,307.9,876.1,575.0
184,8,person,727.1,318.4,802.8,576.7
184,11,person,371.4,308.6,439.8,427.8
184,14,person,653.1,228.4,740.6,496.2
184,15,person,978.9,270.0,1195.6,719.1
184,29,person,583.4,325.6,672.7,591.3
184,43,person,689.3,244.8,748.6,421.2
184,45,backpack,848.7,369.0,903.1,442.1
184,47,handbag,845.8,361.7,908.0,446.8
184,50,handbag,711.2,495.5,733.9,551.9
185,1,person,-7.2,336.9,111.3,707.4
185,2,person,299.8,270.5,381.8,462.5
185,4,person,1185.6,299.7,1265.6,636.8
185,5,person,786.0,308.1,877.2,574.9
185,8,person,728.4,318.9,803.9,576.8
185,11,person,380.0,309.9,442.5,424.4
185,14,person,659.4,216.8,744.7,482.4
185,15,person,979.2,270.0,1196.5,719.0
185,29,person,582.7,325.1,668.5,590.6
185,43,person,691.9,243.3,750.4,418.8
185,45,backpack,849.7,369.7,903.1,441.8
185,47,handbag,847.7,362.9,908.4,447.0
185,50,handbag,712.5,498.0,733.2,552.3
186,1,person,-7.1,327.8,109.9,707.7
186,2,person,304.7,270.4,381.5,459.5
186,4,person,1178.0,304.1,1281.8,681.5
186,5,person,790.4,308.3,878.5,572.2
186,8,person,732.7,319.3,804.8,573.7
186,11,person,390.3,311.3,445.2,419.5
186,14,person,665.6,205.2,748.7,468.7
186,15,person,979.7,269.8,1197.3,718.3
186,29,person,583.0,325.9,665.4,590.4
186,43,person,693.7,242.4,752.0,416.5
186,45,backpack,850.7,370.4,903.2,441.6
186,47,handbag,848.8,363.0,908.8,446.8
186,50,handbag,713.7,500.5,732.4,552.8
187,1,person,-6.6,318.7,109.9,707.5
187,2,person,306.9,266.4,386.2,458.5
187,4,person,1191.7,298.5,1273.0,640.3
187,5,person,794.5,308.6,880.0,570.9
187,8,person,734.6,319.4,806.9,572.8
187,11,person,397.1,310.4,448.8,417.5
187,14,person,398.4,294.8,437.4,438.0
187,15,person,980.7,271.0,1197.2,717.7
187,29,person,583.5,326.4,666.0,591.9
187,43,person,693.9,241.5,752.4,415.7
187,45,backpack,851.7,371.1,903.2,441.3
187,47,handbag,849.1,362.3,909.3,446.5
187,50,handbag,715.0,503.0,731.7,553.2
188,1,person,-6.8,307.3,110.1,706.8
188,2,person,304.9,263.3,391.4,459.9
188,4,person,1187.0,308.5,1284.5,683.9
188,5,person,796.5,308.7,880.4,570.8
188,8,person,736.4,320.0,808.4,572.0
188,11,person,388.5,304.8,451.8,422.2
188,14,person,365.9,295.8,390.3,424.5
188,15,person,981.1,271.3,1197.6,717.4
188,29,person,584.2,325.9,666.6,592.0
188,43,person,695.1,241.5,753.9,414.8
188,45,backpack,852.7,371.8,903.2,441.1
188,47,handbag,848.9,361.3,909.8,446.2
188,50,handbag,716.3,505.5,730.9,553.7
189,1,person,-6.8,297.8,109.7,707.1
189,2,person,309.1,262.1,392.7,457.0
189,4,person,1183.1,311.7,1287.8,705.3
189,5,person,797.3,308.6,880.4,571.4
189,8,person,738.1,321.2,811.9,573.4
189,11,person,542.6,299.1,663.9,513.5
189,14,person,386.9,297.0,435.8,428.7
189,15,person,981.6,271.1,1198.6,717.5
189,29,person,584.6,323.9,668.9,592.1
189,43,person,694.1,238.1,755.7,415.8
189,45,backpack,853.7,372.5,903.3,440.9
189,47,handbag,848.8,360.9,910.1,445.9
190,1,person,-8.2,281.1,110.9,705.9
190,2,person,310.4,262.0,391.5,455.2
190,4,person,1181.5,313.6,1286.7,715.2
190,5,person,796.7,308.4,880.5,573.0
190,8,person,737.6,321.8,812.6,576.0
190,11,person,465.1,300.7,543.4,462.3
190,14,person,549.9,286.7,659.5,522.4
190,15,person,982.3,270.9,1199.5,717.7
190,29,person,585.4,321.6,672.8,592.2
190,43,person,695.0,239.8,756.8,416.5
190,47,handbag,847.9,358.0,911.5,445.9
191,1,person,-6.2,279.3,109.1,707.8
191,2,person,315.5,264.0,390.5,454.1
191,4,person,1179.6,313.0,1283.9,717.9
191,5,person,796.2,308.3,880.4,574.6
191,8,person,738.3,322.1,814.8,579.4
191,11,person,424.7,298.6,476.8,430.9
191,14,person,623.0,290.0,744.5,560.5
191,15,person,983.0,270.6,1199.5,716.9
191,29,person,585.7,321.1,672.3,591.6
191,43,person,696.9,241.1,758.2,416.6
191,47,handbag,847.3,356.3,912.6,445.8
192,1,person,-4.1,280.0,109.8,711.9
192,2,person,316.6,264.9,389.3,454.8
192,4,person,1182.0,313.8,1279.3,714.9
192,5,person,795.2,307.8,880.7,575.7
192,8,person,739.0,322.5,814.2,580.1
192,11,person,411.1,294.2,456.1,417.6
192,14,person,646.7,292.2,762.0,571.4
192,15,person,983.6,270.2,1200.1,716.4
192,29,person,585.7,322.0,669.6,591.1
192,43,person,699.3,242.5,759.5,415.9
192,47,handbag,844.2,352.3,913.0,445.9
193,1,person,-1.9,281.1,111.2,714.0
193,2,person,316.4,265.2,389.4,456.5
193,4,person,1187.4,306.2,1268.7,675.2
193,5,person,794.4,307.5,881.1,575.8
193,8,person,739.4,323.2,814.5,581.5
193,11,person,412.1,291.6,454.4,412.0
193,14,person,648.3,294.4,754.2,572.9
193,15,person,983.9,270.4,1200.7,716.3
193,29,person,586.1,324.6,666.7,591.1
193,43,person,701.4,244.3,759.6,415.0
193,47,handbag,845.7,353.3,912.9,445.3
193,52,person,548.4,246.9,584.5,350.5
194,1,person,-0.1,280.0,116.1,715.7
194,2,person,317.3,264.7,391.1,457.2
194,4,person,1176.4,306.9,1275.6,697.5
194,5,person,794.7,307.4,881.5,576.0
194,8,person,740.1,322.9,816.4,582.8
194,11,person,420.9,288.4,463.0,410.2
194,14,person,642.6,293.0,742.2,571.7
194,15,person,984.1,270.7,1201.2,716.5
194,29,person,586.3,323.3,667.3,591.4
194,43,person,702.7,244.9,760.3,414.7
194,47,handbag,851.5,359.5,912.3,444.0
194,52,person,548.4,245.1,584.2,350.3
195,1,person,-13.3,207.7,136.4,705.9
195,2,person,317.0,263.9,392.2,457.5
195,4,person,1180.7,306.4,1273.5,683.3
195,5,person,796.5,307.7,881.9,576.0
195,8,person,740.6,322.6,817.4,583.4
195,11,person,428.7,287.0,472.0,410.9
195,14,person,637.0,289.9,732.6,570.4
195,15,person,984.1,271.0,1200.8,716.3
195,29,person,586.4,312.8,676.5,591.5
195,43,person,703.4,240.8,761.9,411.4
195,47,handbag,855.5,363.2,912.3,442.9
195,52,person,548.0,243.0,584.5,350.2
196,1,person,-14.6,175.3,146.1,703.8
196,2,person,317.2,262.5,394.7,457.9
196,4,person,1190.4,301.0,1265.3,638.2
196,5,person,800.6,307.9,881.8,573.2
196,8,person,740.7,322.7,817.5,583.8
196,11,person,437.0,286.5,479.4,410.0
196,14,person,633.9,289.4,726.9,570.1
196,15,person,983.7,271.3,1199.6,716.1
196,29,person,587.5,314.2,677.0,592.0
196,43,person,704.6,240.2,762.6,409.8
196,47,handbag,856.8,364.0,912.7,442.5
196,52,person,548.4,242.5,584.9,350.0
197,1,person,4.6,237.6,136.0,716.0
197,2,person,320.6,261.7,397.0,456.5
197,4,person,1191.3,298.0,1264.8,618.4
197,5,person,801.8,307.6,881.7,572.0
197,8,person,740.3,323.2,815.9,583.4
197,11,person,442.9,288.4,483.1,409.8
197,14,person,633.1,288.9,724.4,569.7
197,15,person,983.5,271.1,1199.2,716.2
197,29,person,588.5,319.1,675.2,592.5
197,43,person,706.3,242.1,762.7,408.6
197,47,handbag,857.1,363.9,912.8,442.4
197,52,person,548.7,242.5,585.1,350.0
198,1,person,11.7,268.2,138.5,724.3
198,2,person,323.3,260.6,399.3,455.4
198,4,person,1188.7,297.4,1267.1,612.3
198,5,person,802.2,307.2,882.1,571.8
198,8,person,740.7,323.4,815.5,583.2
198,11,person,446.9,291.9,487.4,411.6
198,14,person,634.0,289.4,723.8,569.2
198,15,person,982.9,270.7,1198.5,716.1
198,29,person,588.3,322.4,672.3,592.4
198,43,person,706.3,240.9,763.0,407.3
198,47,handbag,858.3,364.7,913.1,442.2
198,52,person,549.6,245.2,584.4,349.6
198,53,person,1226.0,425.3,1279.7,713.2
199,1,person,12.2,276.1,149.0,727.3
199,2,person,326.4,259.7,402.5,454.8
199,4,person,1185.6,300.1,1269.1,612.6
199,5,person,803.5,307.1,882.5,571.5
199,8,person,742.6,323.3,817.0,582.7
199,11,person,450.0,297.8,488.2,411.6
199,14,person,633.6,289.8,722.3,568.5
199,15,person,982.2,270.1,1197.8,716.1
199,29,person,588.1,323.3,672.7,592.5
199,43,person,706.8,239.2,764.3,407.0
199,47,handbag,859.5,365.4,913.3,442.0
199,52,person,548.3,240.5,585.8,349.6
199,53,person,1225.5,424.5,1279.5,712.8
200,1,person,10.5,276.3,159.5,726.8
200,2,person,328.2,259.1,405.1,454.5
200,4,person,1190.5,304.1,1272.2,612.8
200,5,person,803.1,307.1,882.2,571.6
200,8,person,743.1,322.8,818.0,582.5
200,11,person,450.0,299.6,492.8,412.6
200,14,person,633.2,290.2,720.8,567.8
200,15,person,981.8,269.6,1197.8,716.4
200,29,person,587.6,320.0,675.8,592.0
200,43,person,707.3,238.0,765.3,406.3
200,47,handbag,860.7,366.1,913.5,441.7
200,52,person,549.7,243.6,585.1,349.1
200,53,person,1224.9,423.8,1279.3,712.4
201,1,person,8.1,273.1,168.3,724.5
201,2,person,329.1,258.6,406.1,453.9
201,4,person,1193.4,306.1,1273.6,612.6
201,5,person,803.5,307.1,882.1,571.6
201,8,person,743.7,322.4,819.3,582.4
201,11,person,450.0,300.8,499.6,413.5
201,14,person,632.8,290.6,719.3,567.1
201,15,person,981.4,269.0,1197.4,716.4
201,29,person,587.1,317.1,679.9,591.8
201,43,person,707.9,236.8,766.3,405.5
201,47,handbag,861.9,366.9,913.8,441.5
201,52,person,550.5,246.1,584.8,348.8
201,53,person,1224.4,423.0,1279.1,712.0
202,1,person,6.4,270.7,175.5,722.0
202,2,person,331.4,258.9,406.8,452.7
202,4,person,1194.2,307.8,1274.0,613.3
202,5,person,803.2,306.9,882.0,571.8
202,8,person,744.1,322.2,819.4,581.5
202,11,person,450.9,301.1,505.1,412.7
202,14,person,632.4,291.0,717.8,566.4
202,15,person,981.2,268.2,1197.4,716.3
202,29,person,587.2,318.1,681.6,591.8
202,43,person,708.4,235.6,767.3,404.8
202,47,handbag,863.1,367.6,914.0,441.3
202,52,person,550.5,247.3,584.8,348.7
202,53,person,1223.2,406.5,1281.5,709.0
203,1,person,5.2,269.3,179.9,719.2
203,2,person,335.6,258.9,407.2,448.6
203,4,person,1192.7,307.6,1271.6,613.1
203,5,person,803.5,307.0,881.7,571.8
203,8,person,744.3,321.7,820.0,581.2
203,11,person,451.9,299.5,511.0,411.8
203,14,person,632.0,291.4,716.3,565.7
203,15,person,980.5,267.4,1196.9,716.4
203,29,person,587.4,318.3,686.3,592.9
203,43,person,708.9,234.4,768.2,404.1
203,47,handbag,864.3,368.4,914.3,441.1
203,52,person,550.0,247.2,585.2,348.5
203,53,person,1222.8,401.8,1281.3,708.7
204,1,person,4.3,269.6,183.9,718.2
204,2,person,336.3,258.5,407.4,446.3
204,4,person,1191.6,307.2,1270.5,612.4
204,5,person,804.0,307.0,881.5,571.8
204,8,person,743.8,321.6,820.5,582.1
204,11,person,466.1,307.5,511.2,404.7
204,14,person,475.4,283.9,499.3,429.2
204,15,person,980.2,267.3,1197.4,716.9
204,29,person,584.0,311.0,690.1,592.0
204,43,person,709.4,233.2,769.2,403.4
204,47,handbag,865.5,369.1,914.5,440.8
204,52,person,549.9,247.7,585.3,347.9
204,53,person,1224.1,407.6,1279.6,709.8
205,1,person,3.8,270.5,187.0,717.3
205,2,person,337.8,259.3,407.8,444.7
205,4,person,1192.9,307.4,1272.1,611.8
205,5,person,805.1,307.3,881.1,571.8
205,8,person,747.0,321.4,820.1,576.4
205,11,person,463.8,304.7,516.1,407.0
205,14,person,447.4,279.6,450.7,404.3
205,15,person,980.2,267.6,1198.3,717.5
205,29,person,583.0,311.4,690.6,591.8
205,43,person,710.0,232.1,770.2,402.6
205,47,handbag,866.7,369.9,914.7,440.6
205,52,person,549.7,247.8,585.6,347.7
205,53,person,1224.6,409.1,1278.6,709.7
206,1,person,3.6,273.1,189.4,716.9
206,2,person,339.4,259.6,408.3,442.6
206,4,person,1193.6,307.2,1275.2,611.7
206,5,person,805.4,307.2,880.4,571.7
206,8,person,747.6,321.6,819.8,573.9
206,11,person,466.5,301.6,522.8,406.4
206,14,person,479.4,289.7,502.6,407.6
206,15,person,979.8,268.1,1198.4,717.7
206,29,person,581.9,313.8,688.9,591.8
206,43,person,619.2,293.8,733.1,559.3
206,47,handbag,867.9,370.6,915.0,440.4
206,52,person,548.8,245.4,586.5,347.8
206,53,person,1225.2,410.6,1277.6,709.7
207,1,person,3.2,275.1,190.8,716.5
207,2,person,340.7,259.9,409.9,441.5
207,4,person,1193.8,305.7,1277.4,611.3
207,5,person,805.0,306.9,880.1,572.0
207,8,person,745.4,321.4,819.3,573.0
207,11,person,474.8,299.5,529.8,403.4
207,14,person,575.5,291.1,675.6,518.8
207,15,person,979.3,268.9,1198.3,717.9
207,29,person,581.4,316.0,683.9,590.6
207,43,person,601.4,305.4,729.4,584.9
207,47,handbag,869.1,371.3,915.2,440.2
207,52,person,548.1,244.1,586.7,347.9
207,53,person,1227.1,430.0,1275.3,713.3
208,1,person,2.7,276.6,192.8,716.7
208,2,person,341.4,260.2,411.8,440.7
208,4,person,1192.8,305.3,1278.2,611.3
208,5,person,804.7,306.7,879.6,571.9
208,8,person,743.9,322.5,818.7,572.8
208,11,person,483.4,297.8,535.3,400.4
208,14,person,619.6,295.6,741.0,563.7
208,15,person,978.1,269.3,1196.9,718.0
208,29,person,580.4,317.0,681.0,590.3
208,43,person,583.7,317.0,725.7,610.5
208,47,handbag,855.1,359.5,911.8,442.0
208,52,person,548.6,245.7,585.7,347.3
208,53,person,1229.2,436.6,1272.8,715.2
209,1,person,2.6,279.5,194.2,717.3
209,2,person,343.4,259.2,416.2,439.9
209,4,person,1192.5,306.7,1277.9,611.6
209,5,person,804.1,306.4,879.2,571.9
209,8,person,742.5,323.1,818.8,572.9
209,11,person,487.7,296.8,538.6,399.4
209,14,person,633.7,297.9,753.0,576.4
209,15,person,977.0,269.0,1195.1,717.4
209,29,person,579.8,314.3,681.9,590.2
209,43,person,566.0,328.6,721.9,636.1
209,47,handbag,855.0,359.3,911.3,442.0
209,52,person,548.8,246.1,585.1,346.9
209,53,person,1224.4,431.6,1276.2,711.1
210,1,person,2.8,281.1,195.6,716.3
210,2,person,346.7,260.7,421.0,440.1
210,4,person,1191.8,306.9,1277.5,611.1
210,5,person,803.5,306.3,878.8,571.8
210,8,person,741.4,323.6,818.3,572.8
210,11,person,488.7,293.7,543.6,400.0
210,14,person,633.3,297.3,743.9,575.4
210,15,person,976.1,268.5,1194.3,717.0
210,29,person,578.6,313.6,678.4,590.0
210,43,person,548.2,340.2,718.2,661.8
210,47,handbag,855.5,359.9,910.7,441.7
210,52,person,548.9,246.4,584.6,346.5
210,53,person,1221.7,431.1,1277.2,709.5
211,1,person,2.6,282.8,197.6,716.6
211,2,person,349.1,263.0,424.8,440.7
211,4,person,1189.8,307.4,1278.2,614.9
211,5,person,803.2,306.0,878.8,571.9
211,8,person,740.4,323.3,819.1,573.2
211,11,person,489.5,290.5,548.4,400.3
211,14,person,628.8,294.5,733.2,572.3
211,15,person,975.7,268.3,1194.2,717.0
211,29,person,577.5,313.4,674.7,589.8
211,43,person,574.4,301.9,700.4,587.3
211,47,handbag,855.8,360.0,910.5,441.6
211,52,person,549.1,246.7,584.0,346.2
211,53,person,1218.7,429.4,1277.8,708.3
212,1,person,2.3,283.7,199.2,716.3
212,2,person,350.8,264.5,428.6,441.5
212,4,person,1189.2,306.4,1277.6,612.3
212,5,person,803.0,305.7,879.0,571.7
212,8,person,739.1,324.4,819.8,576.3
212,11,person,491.2,286.8,553.1,397.4
212,14,person,624.9,288.7,726.7,569.4
212,15,person,975.4,268.8,1193.5,717.0
212,29,person,576.9,310.7,677.3,590.7
212,43,person,566.4,302.6,693.8,589.3
212,47,handbag,855.9,360.0,910.1,441.1
212,52,person,549.2,247.0,583.5,345.8
212,53,person,1217.0,427.8,1277.6,708.1
213,1,person,1.3,282.7,200.1,716.2
213,2,person,351.7,264.7,430.7,441.1
213,4,person,1188.3,306.3,1277.3,611.1
213,5,person,802.9,305.8,878.8,571.6
213,8,person,738.5,324.8,819.9,577.5
213,11,person,493.5,286.6,554.8,393.7
213,14,person,623.0,283.0,723.3,568.0
213,15,person,975.6,269.6,1193.5,717.2
213,29,person,576.6,318.0,673.1,591.9
213,43,person,571.3,298.3,699.1,587.7
213,47,handbag,856.4,359.6,909.8,439.5
213,52,person,549.4,247.4,583.0,345.4
213,53,person,1215.3,426.2,1277.4,708.0
214,1,person,1.0,281.9,200.7,715.1
214,2,person,351.1,260.8,432.5,440.0
214,4,person,1185.9,307.2,1274.6,612.2
214,5,person,802.1,305.7,878.4,571.6
214,8,person,738.7,324.4,819.1,575.3
214,11,person,496.3,284.5,557.2,391.4
214,14,person,626.2,286.9,719.9,567.6
214,15,person,975.8,270.1,1194.2,717.6
214,29,person,579.1,324.4,669.8,592.0
214,43,person,568.6,297.1,697.7,587.9
214,47,handbag,856.8,359.1,909.5,438.1
214,52,person,549.5,247.7,582.4,345.1
214,53,person,1213.6,424.6,1277.2,707.9
215,1,person,0.4,280.5,201.5,715.3
215,2,person,350.6,256.4,434.2,439.0
215,4,person,1174.9,294.0,1293.6,663.0
215,5,person,801.8,306.0,877.9,571.4
215,8,person,738.7,323.9,819.1,573.8
215,11,person,499.1,282.5,559.7,389.1
215,14,person,626.9,286.3,718.7,566.9
215,15,person,975.5,270.4,1193.9,717.6
215,29,person,578.4,327.6,666.4,592.1
215,43,person,565.8,296.0,696.3,588.1
215,47,handbag,857.1,359.0,909.4,437.2
215,52,person,549.7,248.0,581.9,344.7
215,53,person,1211.9,423.0,1277.0,707.8
216,1,person,-0.3,277.9,202.5,716.1
216,2,person,350.0,253.9,434.5,438.0
216,4,person,1175.5,308.8,1256.9,633.7
216,5,person,800.1,305.3,878.0,572.6
216,8,person,738.6,324.4,818.7,573.9
216,11,person,339.9,265.4,396.9,387.5
216,14,person,627.2,286.8,717.3,565.5
216,15,person,975.1,270.3,1192.5,717.1
216,29,person,577.5,329.1,663.5,592.1
216,43,person,563.1,294.8,695.0,588.4
216,47,handbag,857.3,358.8,909.4,436.7
216,52,person,549.8,248.4,581.3,344.3
216,53,person,1183.4,293.8,1296.8,682.3
217,1,person,-0.9,275.4,202.7,716.4
217,2,person,348.1,255.5,433.0,438.9
217,4,person,1161.9,293.9,1279.0,673.5
217,5,person,800.6,305.4,877.9,572.2
217,8,person,738.3,324.7,818.9,574.4
217,11,person,318.4,261.5,373.0,393.1
217,14,person,627.5,287.2,715.8,564.2
217,15,person,974.0,268.7,1192.1,717.1
217,29,person,579.0,331.3,660.7,591.6
217,43,person,694.0,298.5,720.9,448.1
217,47,handbag,858.1,359.3,909.6,436.6
217,52,person,550.0,248.7,580.8,344.0
217,53,person,1171.9,265.5,1304.8,673.5
218,1,person,-1.0,274.4,202.3,716.7
218,2,person,353.9,256.6,435.0,436.3
218,4,person,1154.3,288.1,1286.2,692.8
218,5,person,801.0,305.2,877.9,571.9
218,8,person,737.9,325.1,818.5,574.6
218,11,person,317.0,259.9,370.2,398.2
218,14,person,627.8,287.6,714.3,562.8
218,15,person,973.4,268.0,1191.2,717.1
218,29,person,580.1,332.8,659.7,591.8
218,43,person,703.0,301.6,727.8,432.0
218,47,handbag,858.4,359.3,909.7,436.7
218,52,person,535.1,289.6,575.2,389.9
218,53,person,1160.4,237.2,1312.8,664.7
218,54,handbag,1216.8,423.9,1279.1,594.2
219,1,person,-0.5,274.1,201.1,715.7
219,2,person,359.6,255.5,438.2,432.3
219,4,person,1150.5,287.8,1284.4,697.4
219,5,person,801.1,304.7,877.9,571.5
219,8,person,736.4,325.5,815.8,574.2
219,11,person,322.9,258.8,375.9,402.2
219,14,person,628.1,288.0,712.8,561.5
219,15,person,973.3,268.1,1190.6,717.2
219,29,person,581.4,330.7,663.9,592.3
219,43,person,700.1,302.7,732.5,429.9
219,47,handbag,858.6,358.8,910.5,437.0
219,52,person,533.4,295.1,573.8,395.7
219,53,person,1148.9,208.9,1320.8,656.0
219,54,handbag,1220.9,434.6,1275.0,596.7
220,1,person,0.5,275.7,200.0,716.0
220,2,person,364.9,254.9,440.7,429.1
220,4,person,1149.3,290.4,1270.5,687.7
220,5,person,800.6,304.1,877.9,571.7
220,8,person,734.9,325.6,813.9,575.0
220,11,person,329.0,257.9,381.5,403.4
220,14,person,628.4,288.5,711.3,560.1
220,15,person,973.4,268.2,1189.9,717.5
220,29,person,580.9,329.1,659.8,589.8
220,43,person,696.0,302.1,735.7,430.8
220,47,handbag,858.2,358.7,910.3,436.7
220,52,person,534.4,260.5,587.8,386.4
220,53,person,1137.4,180.6,1328.9,647.2
220,54,handbag,1225.0,445.3,1270.8,599.1
221,1,person,6.0,278.0,200.4,715.5
221,2,person,369.4,254.7,442.4,427.0
221,4,person,1145.8,285.2,1244.9,656.4
221,5,person,800.1,303.2,878.2,571.8
221,8,person,734.4,325.0,813.0,575.8
221,11,person,333.0,256.9,386.0,404.0
221,14,person,628.7,288.9,709.8,558.8
221,15,person,973.9,267.8,1190.5,717.6
221,29,person,581.9,328.3,663.2,590.3
221,43,person,693.4,301.1,738.1,431.4
221,47,handbag,858.4,358.4,910.1,435.6
221,52,person,538.2,254.3,593.8,387.1
221,53,person,1213.4,400.7,1272.5,705.7
221,54,handbag,1229.1,456.0,1266.7,601.6
222,1,person,13.1,280.5,204.3,717.0
222,2,person,372.8,254.4,443.8,425.8
222,4,person,1141.8,277.7,1238.9,629.6
222,5,person,799.8,302.7,878.6,571.9
222,8,person,734.1,324.7,812.4,577.5
222,11,person,335.4,256.0,389.5,404.0
222,14,person,-7.7,389.4,60.8,702.2
222,15,person,974.5,267.4,1191.2,717.2
222,29,person,581.8,329.5,662.9,590.3
222,43,person,692.6,301.2,739.3,431.0
222,47,handbag,859.1,358.3,909.9,434.1
222,52,person,538.6,246.4,600.8,385.7
222,53,person,1224.4,428.8,1263.3,713.5
222,54,handbag,1233.2,466.6,1262.6,604.1
223,1,person,19.4,281.7,210.3,718.7
223,2,person,378.5,255.2,446.3,424.9
223,4,person,1123.6,272.6,1229.4,633.2
223,5,person,799.8,302.4,878.9,571.6
223,8,person,734.2,324.2,811.9,578.8
223,11,person,335.7,254.9,392.3,403.7
223,14,person,-36.0,392.7,22.1,711.3
223,15,person,976.0,267.9,1193.6,717.2
223,29,person,581.9,328.5,668.1,591.9
223,43,person,692.7,299.8,740.7,430.9
223,47,handbag,860.1,358.3,910.3,433.9
223,52,person,539.1,238.4,607.9,384.3
223,53,person,1235.5,456.9,1254.1,721.3
223,54,handbag,1237.3,477.3,1258.5,606.5
224,1,person,25.8,282.5,215.8,719.0
224,2,person,382.4,256.2,447.8,424.5
224,4,person,1112.7,265.6,1218.8,626.5
224,5,person,800.2,302.5,879.2,571.1
224,8,person,735.1,324.3,811.5,579.2
224,11,person,336.1,255.0,394.9,403.7
224,14,person,-28.8,389.7,24.6,709.0
224,15,person,976.9,268.2,1195.4,717.2
224,29,person,581.5,329.8,664.9,590.3
224,43,person,688.5,266.6,746.9,419.4
224,47,handbag,860.7,357.7,910.5,433.5
224,52,person,539.6,230.5,614.9,382.9
224,53,person,1246.6,485.0,1244.9,729.1
224,54,handbag,1241.4,488.0,1254.4,609.0
225,1,person,32.9,284.3,220.0,718.7
225,2,person,384.2,256.8,449.7,426.0
225,4,person,1101.7,258.6,1208.2,619.9
225,5,person,800.1,301.9,879.9,570.6
225,8,person,735.3,323.8,810.5,577.9
225,11,person,336.5,255.8,395.4,403.2
225,14,person,-15.5,383.4,39.4,706.0
225,15,person,977.2,268.2,1195.7,717.3
225,29,person,581.3,328.9,664.0,589.2
225,43,person,691.9,266.2,745.5,418.1
225,47,handbag,861.2,357.0,910.5,433.0
225,52,person,540.0,222.5,621.9,381.5
225,53,person,1257.7,513.0,1235.6,736.8
225,54,handbag,1245.5,498.7,1250.2,611.5
226,1,person,40.2,284.5,227.3,718.3
226,2,person,386.0,257.1,452.8,427.2
226,4,person,1150.9,248.5,1157.1,438.7
226,5,person,800.3,301.3,881.1,570.2
226,8,person,735.2,322.9,810.6,577.6
226,11,person,336.6,256.3,395.4,402.9
226,14,person,-8.5,369.4,59.8,711.0
226,15,person,978.2,268.0,1197.8,717.6
226,29,person,580.7,329.0,659.7,587.9
226,43,person,692.0,260.1,747.2,413.6
226,47,handbag,861.6,356.6,910.7,432.5
226,52,person,548.7,248.5,579.6,352.2
226,53,person,1268.8,541.1,1226.4,744.6
226,54,handbag,1249.5,509.3,1246.1,613.9
227,1,person,47.8,284.6,237.4,720.0
227,2,person,389.2,257.0,455.4,425.9
227,4,person,1171.3,286.7,1239.6,552.8
227,5,person,802.6,302.1,881.4,568.4
227,8,person,735.2,322.2,811.2,577.3
227,11,person,336.6,256.3,396.6,403.3
227,14,person,-6.8,344.5,72.6,707.5
227,15,person,977.9,266.6,1198.2,717.5
227,29,person,580.3,330.6,655.0,587.2
227,43,person,692.1,253.9,748.9,409.1
227,47,handbag,862.0,356.2,911.0,431.9
227,52,person,551.6,248.4,574.7,344.3
227,53,person,1279.9,569.2,1217.2,752.4
227,54,handbag,1253.6,520.0,1242.0,616.4
228,1,person,55.4,283.6,249.3,721.2
228,2,person,392.4,256.0,459.0,425.2
228,4,person,1162.8,270.6,1193.1,459.4
228,5,person,804.6,302.1,883.1,567.8
228,8,person,735.8,321.6,811.4,576.0
228,11,person,336.8,256.2,396.8,402.5
228,14,person,-5.2,331.7,80.1,708.3
228,15,person,978.5,265.5,1199.4,717.3
228,29,person,581.1,330.1,655.9,587.6
228,43,person,701.5,294.8,739.2,422.8
228,47,handbag,862.4,355.8,911.2,431.3
228,52,person,609.9,328.3,712.1,532.4
228,53,person,1290.9,597.3,1208.0,760.2
228,54,handbag,1257.7,530.7,1237.9,618.9
229,1,person,62.9,282.4,261.2,721.9
229,2,person,395.4,256.4,460.5,424.5
229,4,person,1167.8,305.3,1252.5,563.5
229,5,person,805.9,299.9,886.2,567.4
229,8,person,735.5,321.5,811.6,575.4
229,11,person,336.9,256.3,396.9,402.2
229,14,person,-4.4,323.6,84.2,710.9
229,15,person,979.4,266.4,1200.2,717.3
229,29,person,581.8,328.2,659.3,588.5
229,43,person,705.7,303.9,736.2,424.8
229,47,handbag,862.7,355.1,913.2,434.8
229,52,person,630.6,362.5,772.9,606.6
229,53,person,1302.0,625.4,1198.8,768.0
229,54,handbag,1261.8,541.4,1233.8,621.3
230,1,person,69.9,281.6,268.7,720.7
230,2,person,396.9,256.4,462.4,424.9
230,4,person,1172.1,319.8,1277.4,610.8
230,5,person,807.7,299.6,891.4,568.9
230,8,person,735.4,322.1,812.6,576.4
230,11,person,336.8,256.5,397.1,402.1
230,14,person,-4.0,318.6,85.4,713.3
230,15,person,980.5,267.6,1201.3,717.5
230,29,person,583.1,330.0,660.2,589.0
230,43,person,709.8,313.0,733.2,426.7
230,47,handbag,863.5,354.9,913.6,435.2
230,52,person,651.3,396.7,833.6,680.9
230,53,person,1313.1,653.5,1189.5,775.7
230,54,handbag,1265.9,552.0,1229.6,623.8
231,1,person,74.1,281.1,272.7,719.1
231,2,person,398.7,256.6,464.9,425.9
231,4,person,1176.0,323.6,1282.5,623.6
231,5,person,809.9,300.9,892.8,569.5
231,8,person,736.1,320.8,813.8,574.9
231,11,person,336.5,256.1,398.5,402.5
231,14,person,-2.3,312.9,91.9,714.8
231,15,person,981.0,265.3,1203.1,716.8
231,29,person,583.8,329.9,662.9,589.5
231,43,person,714.0,322.1,730.2,428.6
231,47,handbag,864.6,356.1,914.4,435.9
231,52,person,671.9,430.9,894.4,755.1
231,53,person,1324.2,681.6,1180.3,783.5
231,54,handbag,1270.0,562.7,1225.5,626.3
232,1,person,77.1,282.0,273.3,718.6
232,2,person,401.1,256.6,468.2,426.3
232,4,person,1179.7,325.4,1278.2,620.4
232,5,person,811.8,300.1,900.5,571.4
232,8,person,736.2,320.3,812.7,572.9
232,11,person,337.2,256.1,400.3,402.8
232,14,person,0.1,308.5,101.1,715.6
232,15,person,983.0,264.3,1204.9,716.1
232,29,person,583.6,330.6,663.8,590.4
232,43,person,718.1,331.1,727.2,430.5
232,47,handbag,865.5,357.4,915.4,437.2
232,52,person,692.6,465.1,955.1,829.4
232,53,person,1335.3,709.6,1171.1,791.3
232,54,handbag,1274.1,573.4,1221.4,628.8
233,1,person,77.8,284.7,269.2,718.4
233,2,person,403.5,256.8,470.0,425.5
233,4,person,1181.3,322.8,1274.6,614.8
233,5,person,812.8,299.7,904.3,571.9
233,8,person,735.6,321.2,811.3,572.8
233,11,person,337.4,256.3,400.3,402.7
233,14,person,1.3,304.9,110.3,717.9
233,15,person,938.2,254.6,1199.1,724.1
233,29,person,583.8,329.7,664.2,589.5
233,43,person,555.5,245.3,583.4,350.0
233,47,handbag,864.9,353.3,917.2,437.6
233,52,person,978.8,287.3,1220.9,702.1
233,53,person,1346.4,737.7,1161.9,799.1
233,54,handbag,1278.2,584.1,1217.3,631.2
234,1,person,79.4,286.0,263.8,716.8
234,2,person,405.5,256.0,471.5,424.8
234,4,person,1181.8,321.0,1275.3,615.5
234,5,person,809.3,302.0,896.5,570.2
234,8,person,735.4,320.4,813.0,573.0
234,11,person,337.8,256.3,401.2,402.7
234,14,person,2.2,303.0,117.2,719.1
234,15,person,927.1,255.0,1198.6,723.8
234,29,person,583.9,329.1,663.7,588.7
234,43,person,542.4,241.3,572.9,343.0
234,47,handbag,867.1,355.8,918.2,438.1
234,52,person,1007.2,275.0,1246.8,712.7
234,53,person,1357.4,765.8,1152.6,806.9
235,1,person,82.1,286.9,260.7,716.4
235,2,person,407.9,255.8,472.6,423.4
235,4,person,1183.1,318.6,1273.5,609.4
235,5,person,809.6,303.1,894.0,569.7
235,8,person,735.3,321.1,813.3,573.4
235,11,person,337.9,256.0,402.0,402.7
235,14,person,2.7,301.8,124.4,720.7
235,15,person,961.4,264.8,1205.9,715.0
235,29,person,583.6,328.5,664.6,589.3
235,43,person,519.8,231.6,549.4,332.3
235,47,handbag,869.0,357.8,919.6,438.8
235,52,person,939.0,290.7,1122.4,678.2
235,53,person,1368.5,793.9,1143.4,814.6
236,1,person,86.1,286.9,260.2,716.4
236,2,person,411.1,255.4,475.1,422.3
236,4,person,1183.3,313.8,1274.5,605.4
236,5,person,809.0,301.5,896.3,570.9
236,8,person,735.3,321.4,813.5,573.6
236,11,person,337.8,255.8,402.6,402.5
236,14,person,3.7,300.5,129.4,717.7
236,15,person,979.0,269.6,1210.4,712.5
236,29,person,815.8,306.2,943.6,641.7
236,43,person,556.9,327.7,664.4,545.9
236,47,handbag,871.6,357.5,921.4,437.7
236,52,person,898.6,292.1,1050.8,660.1
236,53,person,1379.6,822.0,1134.2,822.4
237,1,person,89.5,286.5,260.4,716.9
237,2,person,412.9,254.8,477.0,421.3
237,4,person,1186.8,309.5,1275.9,601.7
237,5,person,810.0,301.0,896.8,570.7
237,8,person,735.4,321.6,816.0,575.5
237,11,person,337.6,255.8,402.8,402.4
237,14,person,3.6,301.4,131.4,716.3
237,15,person,985.0,270.4,1211.2,711.4
237,29,person,688.5,318.4,782.1,611.9
237,43,person,1027.1,421.3,1134.4,673.2
237,47,handbag,873.5,359.5,922.8,437.4
237,52,person,884.0,290.3,1020.3,653.2
237,58,backpack,0.1,388.1,49.6,528.0
238,1,person,93.3,285.2,261.3,717.1
238,2,person,413.1,253.8,478.9,421.1
238,4,person,1188.2,304.0,1277.0,599.9
238,5,person,810.8,300.5,898.7,571.5
238,8,person,735.8,321.6,816.3,574.5
238,11,person,337.6,255.7,403.2,402.2
238,14,person,2.1,303.7,132.1,719.4
238,15,person,985.8,270.1,1211.7,712.7
238,29,person,613.1,324.1,689.2,595.6
238,43,person,810.8,387.4,906.0,624.1
238,47,handbag,874.9,359.7,924.5,437.5
238,52,person,881.6,287.6,1008.5,653.0
238,58,backpack,0.5,387.1,51.0,528.0
238,59,handbag,872.3,339.8,924.7,439.7
239,1,person,96.8,285.5,261.7,717.6
239,2,person,414.5,252.2,479.9,417.4
239,4,person,1189.1,304.1,1276.4,599.9
239,5,person,813.3,300.8,898.0,570.5
239,8,person,735.8,321.9,812.8,571.7
239,11,person,337.7,255.5,403.9,402.0
239,14,person,1.5,306.1,130.8,720.1
239,15,person,983.5,269.4,1211.4,713.4
239,29,person,580.0,326.2,647.6,588.1
239,43,person,632.1,285.1,664.1,434.7
239,47,handbag,876.7,362.3,925.7,438.5
239,52,person,883.1,284.0,1005.4,655.0
239,58,backpack,0.9,386.1,52.4,528.1
239,59,handbag,872.9,338.0,927.2,439.8
240,1,person,100.2,287.2,261.6,718.1
240,2,person,415.8,249.6,481.8,414.9
240,4,person,1189.3,306.2,1275.8,601.5
240,5,person,814.8,300.4,898.3,569.6
240,8,person,735.1,322.3,808.4,570.3
240,11,person,337.4,254.7,404.8,401.8
240,14,person,1.6,307.8,132.0,720.3
240,15,person,986.7,267.5,1213.3,712.4
240,29,person,572.3,330.0,635.8,586.3
240,43,person,602.4,318.9,669.2,504.5
240,47,handbag,878.7,363.8,926.8,439.2
240,52,person,882.8,282.1,999.3,656.1
240,58,backpack,1.0,385.4,66.9,537.1
240,59,handbag,873.5,336.2,929.6,439.9
241,1,person,103.5,288.8,261.5,718.5
241,2,person,419.4,248.5,483.2,412.6
241,4,person,1188.6,305.4,1276.5,602.8
241,5,person,815.6,301.4,897.7,568.9
241,8,person,735.8,321.6,807.1,568.2
241,11,person,337.4,254.5,405.7,401.8
241,14,person,2.6,307.6,138.5,721.1
241,15,person,988.3,267.1,1213.5,713.6
241,29,person,574.5,334.4,636.0,586.9
241,43,person,604.5,337.6,690.2,545.1
241,47,handbag,880.6,365.3,928.0,439.9
241,52,person,881.2,279.1,995.9,657.6
241,58,backpack,1.6,386.9,71.2,537.4
241,59,handbag,874.2,334.4,932.1,440.0
242,1,person,106.2,289.1,261.5,716.4
242,2,person,421.9,247.4,485.3,411.7
242,4,person,1188.8,304.6,1276.7,602.7
242,5,person,814.1,301.6,896.4,568.7
242,8,person,736.5,320.0,809.5,568.1
242,11,person,337.7,254.6,406.2,401.4
242,14,person,4.1,307.5,146.6,720.4
242,15,person,988.5,266.1,1213.7,714.6
242,29,person,579.4,338.3,642.2,588.4
242,43,person,617.3,353.6,706.4,563.7
242,47,handbag,882.6,366.8,929.2,440.6
242,52,person,875.4,275.4,989.7,658.0
242,57,person,1221.1,411.1,1280.1,700.7
242,58,backpack,1.5,387.6,73.9,539.1
242,59,handbag,874.8,332.6,934.6,440.0
242,61,person,547.4,245.3,582.5,344.6
243,1,person,109.9,288.6,261.8,711.5
243,2,person,424.0,247.1,487.0,411.0
243,4,person,1188.4,304.4,1276.0,602.9
243,5,person,816.8,300.0,890.0,558.6
243,8,person,737.3,319.8,810.5,567.5
243,11,person,337.9,254.5,406.5,400.9
243,14,person,3.9,308.7,146.6,717.3
243,15,person,988.1,264.9,1214.2,715.4
243,29,person,580.5,331.9,648.9,588.4
243,43,person,628.8,358.6,715.3,566.0
243,47,handbag,884.6,368.3,930.3,441.3
243,52,person,859.0,271.4,980.4,661.4
243,57,person,1222.1,409.4,1280.1,699.5
243,58,backpack,0.7,385.2,76.8,540.1
243,59,handbag,875.4,330.9,937.1,440.1
243,61,person,548.0,245.6,582.3,343.5
244,1,person,111.6,287.5,262.5,707.4
244,2,person,425.2,246.8,488.7,410.9
244,4,person,1188.8,304.6,1275.6,602.7
244,5,person,818.4,299.7,886.0,552.7
244,8,person,737.1,320.4,808.2,566.9
244,11,person,338.2,254.2,406.8,400.5
244,14,person,4.1,306.6,151.7,714.4
244,15,person,987.4,263.8,1214.1,716.0
244,29,person,582.7,328.7,658.9,589.7
244,43,person,633.8,357.8,719.4,564.6
244,47,handbag,890.0,353.9,977.0,489.4
244,52,person,835.0,269.9,968.0,665.0
244,57,person,1222.7,407.8,1280.7,697.8
244,58,backpack,3.6,379.9,92.8,540.0
244,59,handbag,876.0,329.1,939.6,440.2
244,61,person,548.4,245.9,582.1,343.1
245,1,person,113.2,286.6,263.6,703.1
245,2,person,427.1,246.0,493.0,411.6
245,4,person,1189.7,301.3,1277.0,601.6
245,5,person,820.0,299.4,882.0,546.8
245,8,person,736.6,320.0,809.1,568.8
245,11,person,338.0,254.0,406.8,400.2
245,14,person,3.7,306.2,152.5,710.5
245,15,person,987.5,263.1,1214.4,716.0
245,29,person,583.8,327.0,666.3,590.2
245,43,person,638.1,361.5,723.7,568.3
245,47,handbag,891.3,352.6,990.2,500.1
245,52,person,806.9,268.7,959.3,669.5
245,57,person,1223.3,406.2,1281.2,696.2
245,58,backpack,5.9,375.2,101.8,542.0
245,59,handbag,876.6,327.3,942.1,440.3
245,61,person,548.8,246.1,581.9,342.5
246,1,person,116.3,285.7,265.6,696.3
246,2,person,429.2,245.0,499.0,412.1
246,4,person,1190.4,300.7,1276.6,601.1
246,5,person,821.6,299.1,878.1,540.9
246,8,person,736.2,318.9,811.6,571.1
246,11,person,337.1,253.2,407.0,400.1
246,14,person,1.6,307.7,138.2,702.5
246,15,person,988.0,262.3,1215.3,716.1
246,29,person,583.9,326.5,668.7,588.7
246,43,person,642.4,365.3,728.0,572.1
246,47,handbag,871.3,353.2,958.0,495.6
246,52,person,779.7,266.3,954.6,672.2
246,57,person,1221.9,393.7,1282.1,693.7
246,58,backpack,8.3,370.5,110.8,544.0
246,59,handbag,877.2,325.5,944.6,440.4
246,61,person,549.3,246.4,581.6,342.0
247,1,person,119.1,283.7,267.4,686.7
247,2,person,431.1,244.4,503.5,411.3
247,4,person,1189.9,300.1,1274.7,601.3
247,5,person,823.1,298.8,874.1,535.0
247,8,person,736.5,317.5,819.1,574.9
247,11,person,336.5,252.7,407.0,399.8
247,14,person,2.2,306.6,133.6,696.3
247,15,person,989.6,261.3,1216.4,715.6
247,29,person,582.9,324.3,670.1,587.2
247,43,person,646.7,369.0,732.3,575.8
247,47,handbag,862.1,355.3,943.5,496.5
247,52,person,763.5,269.3,953.2,672.2
247,57,person,1221.0,377.4,1283.7,690.8
247,58,backpack,10.6,365.8,119.9,546.0
247,59,handbag,877.8,323.7,947.1,440.4
247,61,person,549.8,246.6,581.4,341.5
248,1,person,121.5,281.9,269.7,678.8
248,2,person,434.0,245.4,506.6,410.8
248,4,person,1190.0,299.6,1274.1,601.9
248,5,person,824.7,298.5,870.1,529.2
248,8,person,736.2,318.4,816.5,573.0
248,11,person,336.1,252.0,406.8,399.4
248,14,person,3.9,303.5,134.2,689.1
248,15,person,990.2,260.1,1217.1,715.5
248,29,person,581.8,322.8,670.1,586.1
248,43,person,651.0,372.7,736.6,579.5
248,47,handbag,853.2,357.5,933.6,497.7
248,52,person,751.4,273.0,952.6,671.3
248,57,person,1221.8,372.0,1282.9,688.2
248,58,backpack,16.1,368.7,121.3,530.7
248,59,handbag,878.5,321.9,949.5,440.5
248,61,person,550.3,246.8,581.1,341.0
249,1,person,122.2,281.4,271.1,675.1
249,2,person,436.4,245.4,508.4,410.4
249,4,person,1190.7,297.9,1276.4,603.7
249,5,person,826.3,298.2,866.1,523.3
249,8,person,725.3,315.9,807.5,566.1
249,11,person,336.0,251.6,406.7,398.9
249,14,person,9.0,301.0,137.9,682.3
249,15,person,990.5,259.2,1217.2,715.5
249,29,person,581.5,321.4,673.6,586.2
249,43,person,655.3,376.5,740.9,583.3
249,47,handbag,844.3,359.7,923.6,498.9
249,52,person,742.6,277.6,951.9,670.7
249,57,person,1221.7,369.5,1281.8,687.1
249,58,backpack,18.4,369.6,122.6,521.4
249,59,handbag,879.1,320.1,952.0,440.6
249,61,person,550.8,247.0,580.9,340.4
250,1,person,123.3,281.6,272.1,672.9
250,2,person,438.7,244.5,510.0,408.8
250,4,person,1190.9,296.7,1277.0,604.7
250,5,person,827.9,297.9,862.1,517.4
250,8,person,720.6,313.8,802.1,563.3
250,11,person,335.4,251.2,406.5,398.8
250,14,person,14.2,297.2,143.1,674.0
250,15,person,990.8,258.7,1216.6,715.4
250,29,person,581.4,321.5,674.8,585.9
250,43,person,659.6,380.2,745.2,587.0
250,47,handbag,835.4,361.9,913.7,500.1
250,52,person,737.4,282.5,948.2,667.8
250,57,person,1222.5,368.9,1281.1,686.9
250,58,backpack,19.6,370.1,123.9,517.0
250,59,handbag,879.7,318.3,954.5,440.7
250,61,person,551.3,247.2,580.6,339.9
251,1,person,124.4,282.5,272.6,671.8
251,2,person,440.9,244.0,511.6,407.7
251,4,person,1191.0,296.4,1275.9,604.8
251,5,person,836.2,295.1,908.7,559.4
251,8,person,715.8,311.7,796.8,560.6
251,11,person,335.0,250.6,406.6,398.5
251,14,person,21.4,298.2,149.5,668.7
251,15,person,991.0,258.8,1215.8,715.2
251,29,person,581.4,321.2,674.7,584.7
251,43,person,663.9,384.0,749.5,590.8
251,47,handbag,826.6,364.1,903.8,501.2
251,52,person,728.8,282.1,936.9,661.9
251,57,person,1226.1,380.4,1278.3,688.5
251,58,backpack,21.0,364.2,134.7,517.2
251,59,handbag,880.3,316.5,957.0,440.8
251,61,person,551.8,247.4,580.4,339.4
252,1,person,126.4,283.6,273.2,671.3
252,2,person,442.5,244.2,512.0,406.6
252,4,person,1191.0,294.9,1276.4,604.9
252,5,person,835.2,293.7,909.2,563.6
252,8,person,711.1,309.6,791.4,557.9
252,11,person,335.1,250.6,406.5,398.1
252,14,person,24.4,300.2,149.4,665.4
252,15,person,991.5,259.0,1215.0,715.0
252,29,person,580.4,323.6,667.1,582.6
252,43,person,668.2,387.7,753.8,594.5
252,47,handbag,891.5,357.5,934.1,444.7
252,52,person,722.7,282.3,918.5,652.8
252,57,person,1228.7,385.4,1276.0,688.6
252,58,backpack,23.4,359.6,140.9,516.4
252,59,handbag,880.9,314.7,959.5,440.8
252,61,person,552.3,247.6,580.1,338.8
253,1,person,129.3,286.4,273.7,671.3
253,2,person,444.8,245.0,512.2,406.0
253,4,person,1191.0,294.8,1275.9,605.1
253,5,person,826.4,291.8,907.0,566.8
253,8,person,706.3,307.5,786.0,555.1
253,11,person,335.1,250.4,406.2,397.6
253,14,person,26.0,300.1,155.4,668.1
253,15,person,991.8,259.0,1214.0,714.7
253,29,person,578.3,325.1,656.7,580.4
253,43,person,627.7,336.6,721.4,559.0
253,47,handbag,890.8,357.7,935.4,440.7
253,52,person,721.7,282.8,897.6,643.7
253,57,person,1231.4,390.5,1273.8,688.8
253,58,backpack,26.3,366.1,116.3,501.5
253,59,handbag,881.5,312.9,962.0,440.9
253,61,person,552.8,247.8,579.9,338.3
254,1,person,132.8,286.9,278.3,671.7
254,2,person,446.3,245.3,512.4,405.1
254,4,person,1190.7,295.2,1275.2,605.4
254,5,person,820.0,290.6,904.6,567.2
254,8,person,701.6,305.4,780.6,552.4
254,11,person,335.5,250.5,405.7,396.8
254,14,person,30.1,299.4,165.9,670.5
254,15,person,991.9,258.7,1213.4,714.7
254,29,person,577.4,324.2,653.6,580.4
254,43,person,619.9,296.2,726.3,555.0
254,47,handbag,887.9,356.5,936.5,440.4
254,52,person,719.4,282.8,874.4,637.6
254,57,person,728.4,211.1,746.5,434.7
254,58,backpack,28.9,367.3,109.8,493.7
254,61,person,553.3,248.0,579.7,337.8
255,1,person,137.2,287.0,282.1,670.4
255,2,person,447.6,243.9,513.9,404.4
255,4,person,1189.2,296.4,1275.0,609.0
255,5,person,811.9,290.9,901.6,568.1
255,8,person,696.8,303.4,775.2,549.6
255,11,person,335.3,250.5,405.5,396.5
255,14,person,34.4,300.3,172.6,670.3
255,15,person,991.8,258.2,1213.2,714.9
255,29,person,577.9,323.0,653.9,581.2
255,43,person,617.0,276.0,726.5,551.8
255,47,handbag,886.0,356.6,936.7,440.7
255,52,person,710.4,284.4,846.7,635.2
255,57,person,653.2,190.1,677.5,392.5
255,58,backpack,31.5,368.5,103.4,485.8
255,61,person,553.7,248.2,579.4,337.2
256,1,person,141.9,288.2,283.5,667.6
256,2,person,449.4,242.7,515.4,402.7
256,4,person,1188.6,297.0,1274.7,611.1
256,5,person,808.4,289.7,901.5,567.6
256,8,person,1218.1,427.2,1280.3,680.0
256,11,person,334.0,250.1,405.4,396.7
256,14,person,34.8,303.2,162.2,665.0
256,15,person,992.0,257.5,1213.5,715.1
256,29,person,579.2,322.9,654.6,581.9
256,43,person,604.4,267.1,720.4,554.7
256,47,handbag,885.3,357.2,936.7,440.8
256,52,person,702.3,284.0,825.1,634.2
256,57,person,642.8,190.5,674.3,382.9
256,58,backpack,38.0,351.0,150.2,507.2
256,61,person,554.2,248.4,579.2,336.7
257,1,person,146.2,289.1,284.2,664.9
257,2,person,451.9,240.2,517.4,400.0
257,4,person,1188.5,296.5,1274.4,611.6
257,5,person,806.8,288.9,902.1,566.5
257,8,person,1305.7,448.5,1366.5,699.9
257,11,person,333.4,248.7,405.9,396.0
257,14,person,36.3,303.2,163.4,662.8
257,15,person,992.5,257.0,1213.9,715.0
257,29,person,580.2,322.4,654.5,581.7
257,43,person,593.4,254.3,720.1,552.5
257,47,handbag,885.1,358.5,936.2,440.4
257,52,person,689.4,279.0,807.7,636.1
257,57,person,585.8,167.3,611.8,354.2
257,58,backpack,44.0,351.6,158.2,507.4
257,61,person,554.7,248.6,578.9,336.2
258,1,person,151.1,288.9,285.3,661.9
258,2,person,454.6,237.1,521.0,398.1
258,4,person,1188.5,295.7,1273.6,611.3
258,5,person,808.9,289.6,902.5,565.1
258,8,person,1393.3,469.7,1452.7,719.8
258,11,person,333.1,247.6,406.6,395.6
258,14,person,38.7,301.8,167.1,660.7
258,15,person,992.9,256.5,1214.5,715.1
258,29,person,581.5,320.4,659.7,582.4
258,43,person,748.5,309.9,820.3,558.6
258,47,handbag,884.8,359.7,935.2,439.8
258,52,person,669.0,272.3,796.3,639.9
258,57,person,528.9,144.2,549.2,325.4
258,58,backpack,48.9,351.8,163.4,508.0
258,61,person,555.2,248.8,578.7,335.6
259,1,person,155.2,288.5,289.2,661.4
259,2,person,456.4,235.6,523.2,397.2
259,4,person,1188.9,295.1,1273.0,610.5
259,5,person,809.2,289.1,902.9,564.3
259,8,person,1481.0,491.0,1539.0,739.6
259,11,person,333.4,247.1,407.2,395.0
259,14,person,45.1,299.8,176.2,659.0
259,15,person,993.5,256.5,1214.9,715.1
259,29,person,582.2,317.4,665.7,582.7
259,43,person,781.1,321.1,841.5,559.2
259,47,handbag,883.9,359.3,934.9,439.4
259,52,person,643.5,266.2,790.4,644.8
259,57,person,471.9,121.0,486.7,296.7
259,58,backpack,52.0,325.1,175.4,501.5
259,61,person,555.7,249.0,578.4,335.1
260,1,person,160.8,287.9,294.2,660.1
260,2,person,457.5,234.4,524.6,396.5
260,4,person,1189.6,295.0,1272.9,610.0
260,5,person,809.6,288.6,903.2,563.7
260,8,person,1568.6,512.3,1625.2,759.5
260,11,person,333.4,247.0,407.4,394.4
260,14,person,54.4,301.7,183.9,657.2
260,15,person,993.6,256.2,1215.3,715.3
260,29,person,582.3,316.0,667.0,581.9
260,43,person,786.8,322.9,846.1,561.1
260,47,handbag,883.1,358.6,934.6,439.1
260,52,person,619.1,264.3,783.8,646.5
260,57,person,415.0,97.9,424.1,267.9
260,58,backpack,57.8,314.3,182.9,496.3
261,1,person,165.0,285.1,296.9,655.0
261,2,person,458.9,234.2,526.4,395.9
261,4,person,1190.0,294.9,1272.4,609.6
261,5,person,810.2,288.8,903.3,563.3
261,8,person,1656.2,533.6,1711.4,779.4
261,11,person,332.8,247.9,406.6,394.2
261,14,person,58.6,301.7,186.6,654.0
261,15,person,993.8,255.8,1215.9,715.3
261,29,person,582.7,315.8,667.5,580.4
261,43,person,810.2,330.0,864.0,562.6
261,47,handbag,882.8,359.2,934.1,438.9
261,52,person,598.1,262.8,781.7,646.4
261,57,person,358.0,74.7,361.5,239.1
261,58,backpack,61.5,302.9,192.6,490.9
262,1,person,171.5,280.4,299.4,646.3
262,2,person,462.8,235.6,526.4,393.1
262,4,person,1190.1,294.9,1271.8,609.1
262,5,person,810.4,288.5,903.2,562.6
262,8,person,1743.8,554.9,1797.6,799.3
262,11,person,332.6,248.1,406.7,393.9
262,14,person,61.9,294.0,194.9,652.4
262,15,person,994.0,255.7,1215.9,715.2
262,29,person,582.2,316.3,664.9,579.1
262,43,person,753.5,313.9,823.7,556.4
262,47,handbag,884.6,360.3,934.0,438.0
262,52,person,584.5,264.7,782.6,645.4
262,57,person,301.1,51.6,299.0,210.4
262,58,backpack,69.6,303.2,191.3,494.5
263,1,person,176.6,277.6,304.2,641.3
263,2,person,465.4,235.9,527.2,391.8
263,4,person,1190.9,294.5,1271.5,607.7
263,5,person,810.6,288.3,903.3,562.1
263,8,person,1831.5,576.1,1883.8,819.1
263,11,person,332.7,247.2,407.0,393.0
263,14,person,56.4,288.8,197.7,649.9
263,15,person,994.6,255.6,1216.5,715.3
263,29,person,580.7,318.0,657.1,577.1
263,43,person,738.8,311.2,809.8,553.4
263,47,handbag,884.0,357.6,934.1,435.8
263,52,person,578.3,270.0,783.7,642.1
263,57,person,244.2,28.4,236.4,181.6
263,58,backpack,77.6,306.3,191.6,493.7
264,1,person,181.4,272.5,308.5,633.5
264,2,person,466.3,236.3,528.6,392.1
264,4,person,1192.2,293.9,1272.5,606.5
264,5,person,809.8,287.8,903.3,562.0
264,8,person,1919.1,597.4,1970.1,839.0
264,11,person,483.2,306.2,612.8,546.5
264,14,person,445.2,273.9,616.8,645.0
264,15,person,995.2,255.3,1217.3,715.4
264,29,person,694.1,313.4,763.8,563.3
264,43,person,1081.8,400.0,1147.1,646.4
264,47,handbag,883.0,353.5,934.8,434.1
264,52,person,616.2,281.1,790.0,630.7
264,57,person,341.8,234.9,395.4,401.8
264,58,backpack,82.3,301.0,194.8,492.7
265,1,person,183.3,270.5,312.0,630.3
265,2,person,468.4,236.0,530.1,391.5
265,4,person,1193.2,293.5,1273.3,605.4
265,5,person,808.7,287.4,903.1,561.7
265,8,person,2006.7,618.7,2056.3,858.9
265,11,person,403.9,272.3,491.0,459.2
265,14,person,237.1,285.4,382.0,630.9
265,15,person,995.6,255.0,1217.5,715.4
265,29,person,613.1,312.4,708.1,601.8
265,43,person,885.0,349.4,952.2,596.7
265,47,handbag,882.5,349.9,935.1,432.8
265,52,person,625.8,279.7,790.7,627.1
265,57,person,495.1,266.4,685.5,578.6
265,58,backpack,86.8,298.7,199.1,490.3
266,1,person,186.1,269.5,316.2,629.5
266,2,person,472.2,236.7,532.3,390.6
266,4,person,1194.0,293.9,1274.3,605.4
266,5,person,807.8,287.4,903.2,561.6
266,8,person,2094.4,640.0,2142.5,878.7
266,11,person,355.5,251.0,423.5,410.5
266,14,person,117.6,290.0,251.3,623.0
266,15,person,996.0,254.9,1217.4,715.3
266,29,person,595.3,311.3,707.7,618.0
266,43,person,774.2,320.1,843.4,568.8
266,47,handbag,882.6,349.0,935.1,432.5
266,52,person,589.6,271.0,776.5,631.9
266,57,person,1055.1,403.7,1175.6,676.4
266,58,backpack,91.2,296.4,203.4,487.8
267,1,person,188.5,268.9,320.4,629.2
267,2,person,475.7,236.7,534.2,389.0
267,4,person,1194.3,294.1,1273.5,604.8
267,5,person,806.9,287.4,903.3,561.5
267,8,person,2182.0,661.3,2228.7,898.6
267,11,person,333.8,241.3,397.8,391.3
267,14,person,69.8,289.4,202.7,619.2
267,15,person,996.3,254.7,1217.9,715.3
267,29,person,606.0,274.8,745.8,621.0
267,43,person,730.1,307.3,801.3,557.8
267,47,handbag,882.4,347.4,935.8,432.8
267,52,person,568.6,259.6,753.5,625.6
267,57,person,1269.6,457.4,1349.8,705.6
267,58,backpack,99.2,318.9,197.8,490.9
268,1,person,191.2,268.9,322.8,626.4
268,2,person,476.4,236.2,536.4,389.7
268,4,person,1193.8,293.2,1273.5,605.0
268,5,person,807.1,287.5,903.7,560.6
268,8,person,2269.6,682.5,2314.9,918.5
268,11,person,327.5,238.2,394.4,386.9
268,14,person,76.4,294.5,197.2,615.7
268,15,person,996.8,254.5,1218.0,715.2
268,29,person,676.8,221.0,732.4,456.3
268,43,person,721.3,303.8,793.7,554.3
268,47,handbag,885.2,350.1,936.5,433.9
268,52,person,562.0,266.5,735.1,622.9
268,57,person,1311.8,465.1,1375.0,706.9
268,58,backpack,105.5,324.4,198.2,490.6
269,1,person,194.0,270.6,324.9,626.0
269,2,person,475.9,235.4,539.3,390.8
269,4,person,1194.1,292.0,1274.2,605.3
269,5,person,806.8,287.3,904.3,559.9
269,8,person,2357.2,703.8,2401.2,938.4
269,11,person,328.3,238.8,398.1,387.4
269,14,person,85.7,295.8,203.1,615.5
269,15,person,997.6,254.1,1218.9,715.0
269,29,person,703.0,201.0,729.5,387.7
269,43,person,726.2,304.6,799.7,555.3
269,47,handbag,886.9,350.9,937.6,434.4
269,52,person,560.4,271.5,719.4,620.9
269,57,person,1289.8,451.5,1350.1,700.7
269,58,backpack,111.8,330.0,198.5,490.2
270,1,person,198.2,272.4,326.9,623.5
270,2,person,477.1,236.7,540.0,390.2
270,4,person,1195.2,291.0,1274.4,603.4
270,5,person,810.4,288.2,904.9,558.7
270,8,person,2444.9,725.1,2487.4,958.2
270,11,person,331.1,239.9,403.1,388.5
270,14,person,98.4,297.2,211.9,617.0
270,15,person,998.6,252.9,1221.6,714.9
270,29,person,705.5,198.6,733.2,373.0
270,43,person,732.4,306.0,804.6,555.4
270,47,handbag,886.9,347.4,939.3,434.3
270,52,person,559.8,275.2,699.0,618.1
270,57,person,1257.3,433.6,1319.2,694.0
270,58,backpack,115.5,335.2,207.6,487.9
271,1,person,201.8,274.2,328.9,622.2
271,2,person,479.9,237.8,541.0,388.5
271,4,person,1197.2,291.1,1276.2,600.1
271,5,person,811.9,288.4,905.2,558.3
271,8,person,2532.5,746.4,2573.6,978.1
271,11,person,333.3,240.9,406.7,389.3
271,14,person,109.3,296.7,223.1,618.0
271,15,person,999.3,251.9,1223.7,714.9
271,29,person,701.5,203.2,736.6,375.8
271,43,person,737.0,306.6,810.5,556.3
271,47,handbag,888.0,348.4,939.5,434.4
271,52,person,557.6,266.4,708.6,622.4
271,57,person,1236.5,428.7,1295.9,691.5
271,58,backpack,116.4,333.7,211.7,485.4
271,64,handbag,878.7,337.1,939.2,435.4
272,1,person,203.7,275.5,329.7,621.4
272,2,person,483.4,237.5,542.0,387.2
272,4,person,1206.9,283.7,1270.1,558.0
272,5,person,812.4,288.3,905.5,558.3
272,11,person,334.3,241.1,408.4,389.2
272,14,person,116.7,296.6,231.8,617.9
272,15,person,999.4,251.3,1224.4,714.8
272,29,person,602.8,216.4,619.1,349.6
272,43,person,739.4,306.4,813.7,556.6
272,47,handbag,889.1,348.8,939.7,434.3
272,52,person,543.5,267.9,681.7,622.1
272,57,person,853.4,266.2,886.8,479.7
272,58,backpack,119.0,334.0,213.9,483.2
272,64,handbag,880.3,337.2,939.6,434.9
273,1,person,205.6,274.8,331.5,621.4
273,2,person,485.3,236.2,543.9,388.0
273,4,person,1212.9,279.3,1267.5,526.7
273,5,person,812.8,288.2,905.8,558.3
273,11,person,335.3,240.8,409.1,388.5
273,14,person,119.5,295.0,231.1,615.6
273,15,person,999.6,250.8,1225.5,715.2
273,29,person,651.0,213.0,690.9,370.0
273,43,person,740.2,305.5,817.4,557.7
273,47,handbag,889.0,347.2,940.0,433.4
273,52,person,531.2,265.1,667.6,623.5
273,57,person,652.9,177.8,663.6,368.6
273,58,backpack,122.1,327.8,216.0,479.2
273,64,handbag,881.5,337.0,940.3,434.2
274,1,person,208.0,274.2,332.5,620.2
274,2,person,488.8,234.5,545.7,384.6
274,4,person,1212.7,279.0,1269.2,514.8
274,5,person,813.2,288.1,906.0,558.3
274,11,person,336.0,240.4,409.7,387.9
274,14,person,122.4,290.8,234.6,613.6
274,15,person,999.5,250.5,1225.9,715.4
274,29,person,680.3,212.1,730.4,378.6
274,43,person,740.2,305.4,818.2,559.0
274,47,handbag,889.2,346.5,940.3,432.7
274,52,person,520.7,260.6,672.3,628.2
274,57,person,452.4,89.4,440.4,257.4
274,58,backpack,125.1,325.0,221.8,478.9
274,64,handbag,882.7,336.8,941.0,433.5
275,1,person,211.7,273.6,334.1,617.4
275,2,person,490.0,231.5,547.7,383.2
275,4,person,1048.9,257.5,1249.6,653.7
275,5,person,813.9,287.9,906.6,558.1
275,11,person,337.2,240.0,410.1,387.1
275,14,person,129.3,295.6,237.1,613.2
275,15,person,746.9,279.2,853.5,603.7
275,29,person,694.7,212.6,744.8,379.0
275,43,person,740.6,304.6,819.3,559.5
275,47,handbag,888.9,347.7,940.5,432.6
275,52,person,508.0,263.9,652.3,626.8
275,57,person,251.9,1.0,217.2,146.3
275,58,backpack,129.1,324.7,227.6,479.2
275,64,handbag,883.9,336.6,941.6,432.8
276,1,person,214.3,272.0,334.5,613.5
276,2,person,493.9,229.9,549.3,380.3
276,4,person,1121.2,302.3,1281.1,694.3
276,5,person,814.6,287.9,907.1,558.2
276,11,person,338.4,239.8,410.1,386.5
276,14,person,134.9,298.2,236.7,610.1
276,15,person,887.8,253.4,1097.9,675.6
276,29,person,699.8,216.5,746.2,377.5
276,43,person,741.1,304.2,821.5,559.7
276,47,handbag,888.5,348.4,940.9,432.7
276,52,person,498.7,266.4,639.5,626.2
276,57,person,51.4,-87.5,-6.0,35.2
276,58,backpack,130.7,311.1,234.2,475.1
276,63,person,1171.2,293.6,1281.8,700.7
276,64,handbag,885.1,336.4,942.3,432.0
277,1,person,215.2,269.7,335.6,611.6
277,2,person,496.3,227.9,554.6,381.1
277,4,person,1200.1,291.1,1263.9,550.6
277,5,person,815.5,287.5,907.8,557.9
277,11,person,339.1,239.4,410.3,386.2
277,14,person,140.5,296.6,247.0,610.5
277,15,person,969.2,247.8,1213.2,707.1
277,29,person,699.8,215.8,745.2,375.3
277,43,person,740.9,304.1,822.0,559.8
277,47,handbag,890.3,348.2,942.3,432.5
277,52,person,491.8,267.3,633.9,626.9
277,57,person,-149.1,-175.9,-229.1,-75.9
277,58,backpack,133.9,302.6,236.6,470.9
277,63,person,1166.3,372.7,1271.1,717.1
277,64,handbag,886.2,336.1,943.0,431.3
277,67,person,628.3,326.6,723.6,555.6
278,1,person,217.4,268.5,336.4,609.1
278,2,person,499.8,226.0,557.2,376.6
278,4,person,1154.7,266.0,1294.5,641.9
278,5,person,816.1,287.2,908.5,557.6
278,11,person,339.7,238.9,410.3,386.0
278,14,person,143.6,289.9,251.9,606.4
278,15,person,1004.1,250.2,1249.1,716.0
278,29,person,698.7,215.2,743.7,373.8
278,43,person,739.8,302.3,822.6,559.1
278,47,handbag,890.6,348.2,943.5,433.0
278,52,person,486.9,266.9,629.6,625.7
278,57,person,-349.6,-264.3,-452.3,-187.0
278,58,backpack,135.8,295.3,241.6,466.7
278,63,person,1172.6,413.9,1252.8,733.7
278,64,handbag,881.5,338.4,942.3,434.5
278,67,person,627.6,333.5,722.9,558.3
279,1,person,222.3,268.1,336.5,599.6
279,2,person,502.6,225.3,557.6,372.4
279,4,person,1108.9,244.8,1299.9,692.8
279,5,person,816.0,288.1,907.8,557.6
279,11,person,339.7,238.5,410.3,386.1
279,14,person,146.8,290.4,246.1,598.8
279,15,person,1013.0,253.1,1253.8,716.9
279,29,person,697.1,211.5,746.2,375.4
279,43,person,740.2,304.0,821.3,559.0
279,47,handbag,890.0,348.3,943.9,433.9
279,52,person,481.8,265.8,625.1,623.3
279,57,person,-550.2,-352.8,-675.5,-298.1
279,58,backpack,137.8,287.9,246.6,462.4
279,63,person,668.7,325.1,709.6,587.9
279,64,handbag,880.1,337.9,942.5,434.5
279,65,person,610.9,320.0,701.4,565.5
279,67,person,618.4,323.8,724.3,559.6
280,1,person,225.9,267.2,338.1,592.2
280,2,person,504.3,224.3,555.5,365.8
280,4,person,1074.9,232.5,1292.0,713.9
280,5,person,816.3,288.7,907.2,557.3
280,11,person,339.7,238.5,409.8,385.9
280,14,person,149.6,290.1,243.8,591.8
280,15,person,1010.1,256.5,1236.8,713.6
280,29,person,697.1,208.5,749.1,375.6
280,43,person,740.1,305.2,820.1,559.0
280,47,handbag,889.5,348.3,943.7,434.3
280,52,person,479.6,266.1,621.0,620.5
280,57,person,-750.7,-441.2,-898.7,-409.2
280,58,backpack,139.7,280.6,251.6,458.1
280,63,person,567.8,310.5,608.5,563.7
280,64,handbag,879.0,337.6,942.4,434.4
280,65,person,606.5,321.5,690.9,564.8
280,67,person,612.8,318.2,725.2,560.6
281,1,person,228.7,265.5,341.0,587.8
281,2,person,507.2,223.0,554.7,360.9
281,4,person,1063.0,226.8,1285.1,717.9
281,5,person,816.6,288.8,906.6,556.5
281,11,person,340.5,238.5,409.8,385.5
281,14,person,151.4,284.4,248.4,588.0
281,15,person,1005.2,256.8,1217.1,710.1
281,29,person,697.8,207.0,752.3,375.9
281,43,person,741.1,305.3,821.9,559.2
281,47,handbag,888.3,348.0,943.8,434.7
281,52,person,478.6,267.3,617.2,618.5
281,57,person,-951.2,-529.6,-1121.9,-520.3
281,58,backpack,141.7,273.3,256.6,453.9
281,63,person,412.9,293.0,436.4,528.9
281,64,handbag,876.6,336.9,942.6,434.8
281,65,person,598.5,321.5,670.6,567.4
281,67,person,613.6,314.1,727.0,559.6
282,1,person,231.9,263.1,345.4,585.5
282,2,person,510.0,221.7,553.9,355.9
282,4,person,1052.0,224.5,1279.0,718.1
282,5,person,816.0,288.7,906.1,556.3
282,11,person,341.1,238.7,409.7,385.4
282,14,person,154.9,280.3,258.6,585.6
282,15,person,1000.8,262.5,1191.3,706.2
282,29,person,699.8,207.5,752.9,375.3
282,43,person,742.3,304.4,824.5,558.9
282,47,handbag,886.7,347.8,943.6,435.0
282,52,person,477.7,265.8,610.8,611.4
282,57,person,-1151.7,-618.1,-1345.1,-631.5
282,58,backpack,143.6,266.0,261.5,449.6
282,63,person,258.1,275.5,264.2,494.0
282,64,handbag,875.1,336.1,942.5,435.4
282,65,person,594.8,318.8,663.6,569.2
282,67,person,602.5,311.0,726.7,567.3
283,1,person,236.0,264.0,346.9,580.6
283,2,person,517.0,218.3,556.5,337.2
283,4,person,1030.3,221.7,1273.2,720.4
283,5,person,815.9,287.2,907.5,556.8
283,11,person,341.0,238.7,410.0,386.1
283,14,person,157.0,280.7,260.1,584.0
283,15,person,998.6,276.3,1173.2,708.3
283,29,person,700.0,207.2,751.7,374.7
283,43,person,742.3,302.9,826.9,558.2
283,47,handbag,886.2,348.3,942.8,434.2
283,52,person,480.3,265.5,602.2,597.2
283,57,person,-1352.2,-706.5,-1568.3,-742.6
283,58,backpack,155.0,290.5,246.6,454.5
283,63,person,103.3,258.0,92.0,459.2
283,64,handbag,873.6,335.2,942.4,435.9
283,65,person,593.6,316.3,664.2,570.8
283,67,person,598.4,308.7,727.5,568.5
284,1,person,239.3,263.8,348.9,576.8
284,2,person,522.2,215.5,555.8,328.5
284,4,person,1011.6,219.5,1270.6,721.7
284,5,person,815.5,286.6,907.9,557.5
284,11,person,341.6,238.3,412.2,387.6
284,14,person,160.4,281.6,261.4,582.1
284,15,person,993.4,284.4,1155.3,706.8
284,29,person,700.2,206.2,751.7,373.9
284,43,person,744.8,302.6,829.2,556.8
284,47,handbag,885.9,348.3,942.3,433.0
284,52,person,482.2,265.2,598.8,590.0
284,57,person,-1552.7,-794.9,-1791.5,-853.7
284,58,backpack,161.0,302.4,243.9,455.6
284,63,person,-51.5,240.5,-80.1,424.4
284,64,handbag,872.1,334.4,942.2,436.5
284,65,person,593.2,314.7,664.9,571.9
284,67,person,593.2,305.8,728.0,571.2
284,68,handbag,1142.2,378.3,1281.9,713.6
285,1,person,240.7,264.1,355.1,582.4
285,2,person,527.4,212.7,555.2,319.8
285,4,person,991.6,221.0,1267.3,724.6
285,5,person,815.1,286.5,907.4,557.9
285,11,person,342.5,237.3,413.8,387.7
285,14,person,163.2,280.5,265.3,582.3
285,15,person,988.7,294.3,1138.6,704.6
285,29,person,700.7,205.1,753.2,373.0
285,43,person,747.6,303.8,830.2,556.5
285,47,handbag,884.6,347.6,942.1,432.4
285,52,person,483.4,265.0,597.2,586.7
285,57,person,-1753.2,-883.4,-2014.7,-964.8
285,58,backpack,163.0,291.3,256.0,455.6
285,63,person,-206.4,223.0,-252.3,389.5
285,64,handbag,870.6,333.6,942.1,437.0
285,65,person,593.1,312.3,667.5,572.1
285,67,person,587.9,302.8,728.4,573.9
285,68,handbag,1106.4,318.5,1296.5,704.1
286,1,person,244.5,263.5,361.8,583.7
286,2,person,532.6,209.9,554.5,311.1
286,4,person,965.1,224.3,1248.2,723.4
286,5,person,815.7,286.8,907.0,557.4
286,11,person,343.6,236.7,414.8,387.4
286,14,person,167.4,276.1,275.3,583.5
286,15,person,984.0,304.1,1121.9,702.4
286,29,person,701.3,204.1,753.9,372.3
286,43,person,748.7,304.7,829.0,554.7
286,47,handbag,884.1,348.1,942.7,433.1
286,52,person,483.9,264.4,595.5,584.6
286,57,person,-1953.8,-971.8,-2237.9,-1075.9
286,58,backpack,166.3,285.7,261.8,452.9
286,63,person,-361.2,205.5,-424.5,354.7
286,64,handbag,869.2,332.7,942.0,437.6
286,65,person,593.2,310.8,675.6,574.0
286,67,person,594.3,309.8,726.9,568.9
286,68,handbag,1070.6,258.7,1311.1,694.7
287,1,person,250.7,264.2,364.4,575.7
287,2,person,537.8,207.0,553.8,302.5
287,4,person,942.0,229.6,1229.0,722.1
287,5,person,817.0,288.0,905.6,557.2
287,11,person,344.6,236.6,415.0,387.0
287,14,person,172.9,275.0,285.0,584.7
287,15,person,1193.6,301.9,1280.0,679.2
287,29,person,701.8,203.2,754.7,371.6
287,43,person,748.2,305.1,829.1,556.2
287,47,handbag,880.9,344.1,943.1,432.8
287,52,person,484.0,263.4,595.1,585.6
287,57,person,-2154.3,-1060.2,-2461.1,-1187.0
287,58,backpack,171.1,283.5,271.7,452.5
287,63,person,-516.0,188.0,-596.6,319.8
287,64,handbag,867.7,331.9,941.9,438.1
287,65,person,592.0,310.4,675.0,573.2
287,67,person,593.1,309.1,727.8,569.4
287,68,handbag,1034.7,198.9,1325.7,685.3
288,1,person,256.0,266.6,365.6,570.0
288,2,person,543.0,204.2,553.2,293.8
288,4,person,1056.9,251.4,1225.2,625.6
288,5,person,816.6,288.6,904.4,557.8
288,11,person,344.8,237.1,414.7,386.9
288,14,person,177.1,278.3,288.1,584.5
288,15,person,1226.2,298.9,1296.8,674.9
288,29,person,879.1,243.9,1189.0,688.7
288,43,person,747.9,305.0,828.6,556.8
288,47,handbag,878.8,341.9,943.4,432.9
288,52,person,483.9,262.1,592.4,583.6
288,58,backpack,175.4,285.8,274.0,450.8
288,63,person,-670.8,170.5,-768.8,285.0
288,64,handbag,866.2,331.1,941.8,438.7
288,65,person,592.5,312.9,671.2,571.5
288,67,person,594.8,312.3,727.7,569.1
288,68,handbag,998.9,139.1,1340.2,675.9
289,1,person,259.3,268.2,368.1,571.1
289,2,person,548.2,201.4,552.5,285.1
289,4,person,947.5,241.4,1188.7,681.8
289,5,person,818.4,289.2,902.9,557.1
289,11,person,345.9,237.8,414.1,386.8
289,14,person,179.5,279.2,289.4,582.8
289,15,person,1233.9,294.9,1297.9,675.0
289,29,person,1035.2,272.5,1276.5,706.3
289,43,person,747.3,302.6,829.1,558.0
289,47,handbag,882.5,343.6,941.1,427.8
289,52,person,482.9,261.6,590.2,583.4
289,58,backpack,180.3,285.2,278.3,449.6
289,63,person,-825.7,153.0,-941.0,250.1
289,64,handbag,864.7,330.3,941.7,439.2
289,65,person,593.8,317.5,663.8,569.7
289,67,person,597.4,316.0,726.9,567.0
289,68,handbag,963.1,79.3,1354.8,666.5
290,1,person,260.9,253.7,375.2,569.7
290,2,person,553.4,198.6,551.8,276.4
290,4,person,878.9,239.3,1156.4,710.7
290,5,person,819.2,289.1,901.9,556.9
290,11,person,346.7,238.1,412.7,385.7
290,14,person,180.0,278.9,290.1,581.4
290,15,person,1257.3,295.5,1315.6,669.9
290,29,person,1091.6,280.4,1292.1,710.6
290,43,person,748.2,303.9,829.1,560.0
290,47,handbag,881.9,344.4,941.5,429.4
290,52,person,481.7,260.9,587.0,581.1
290,58,backpack,181.9,287.5,277.3,449.9
290,63,person,-980.5,135.5,-1113.1,215.3
290,64,handbag,863.2,329.4,941.6,439.8
290,65,person,624.0,314.4,704.2,564.8
290,67,person,598.0,317.7,727.4,567.7
290,68,handbag,927.3,19.5,1369.4,657.1
291,1,person,264.7,253.1,377.6,571.6
291,2,person,558.5,195.8,551.2,267.8
291,4,person,839.5,237.9,1130.2,720.5
291,5,person,818.9,289.2,900.3,557.6
291,11,person,347.6,237.9,412.1,384.9
291,14,person,180.3,282.0,290.3,581.1
291,15,person,1111.8,254.7,1250.0,709.9
291,29,person,856.5,226.0,910.8,477.9
291,43,person,748.4,304.5,830.0,561.9
291,47,handbag,881.9,344.5,941.2,429.2
291,52,person,480.4,260.9,584.6,580.0
291,58,backpack,190.5,312.6,271.8,455.1
291,63,person,-1135.3,117.9,-1285.3,180.4
291,64,handbag,861.7,328.6,941.5,440.3
291,65,person,772.0,294.3,866.3,559.6
291,67,person,597.1,318.2,728.0,569.7
291,68,handbag,891.5,-40.3,1384.0,647.7
292,1,person,268.1,249.7,379.9,570.9
292,2,person,563.7,193.0,550.5,259.1
292,4,person,816.3,236.7,1109.1,720.0
292,5,person,814.5,287.7,902.6,559.7
292,11,person,348.4,237.7,411.8,383.7
292,14,person,181.3,283.7,290.7,579.3
292,15,person,1075.9,246.6,1234.2,719.8
292,29,person,737.4,195.0,746.8,379.1
292,43,person,748.2,304.3,830.4,562.8
292,47,handbag,881.8,344.5,941.0,429.1
292,52,person,479.2,261.2,583.5,579.8
292,58,backpack,196.2,319.7,271.8,452.8
292,63,person,-1290.1,100.4,-1457.5,145.6
292,64,handbag,860.2,327.8,941.4,440.9
292,65,person,857.4,282.3,960.9,556.7
292,67,person,596.4,317.9,728.6,571.0
292,68,handbag,855.7,-100.1,1398.6,638.3
293,1,person,272.5,245.7,383.6,567.4
293,2,person,568.9,190.1,549.8,250.4
293,4,person,800.1,236.2,1086.3,715.6
293,5,person,805.9,285.6,902.9,562.7
293,11,person,349.2,237.8,411.9,383.1
293,14,person,189.3,284.9,296.1,575.8
293,15,person,1053.1,243.7,1225.8,723.3
293,29,person,695.9,182.9,710.3,354.4
293,43,person,747.9,303.8,830.3,563.2
293,47,handbag,881.7,344.5,940.8,429.0
293,52,person,476.1,262.1,582.0,581.1
293,58,backpack,203.1,328.8,270.0,453.2
293,63,person,-1445.0,82.9,-1629.6,110.7
293,64,handbag,858.8,327.0,941.2,441.4
293,65,person,677.4,218.5,720.3,405.1
293,67,person,597.2,321.2,728.4,572.1
293,68,handbag,819.9,-159.9,1413.2,628.9
294,1,person,282.4,258.7,389.5,567.3
294,2,person,548.2,199.6,600.8,328.6
294,4,person,779.9,234.2,1068.0,715.2
294,5,person,800.7,283.3,903.0,565.8
294,11,person,349.2,237.1,411.9,382.6
294,14,person,198.6,282.4,303.8,571.3
294,15,person,1042.6,244.0,1224.8,723.9
294,29,person,692.7,184.6,720.0,356.1
294,43,person,749.0,303.3,831.0,562.3
294,47,handbag,881.6,344.5,940.5,428.8
294,52,person,473.1,263.5,580.1,581.7
294,58,backpack,210.0,338.0,268.2,453.7
294,63,person,-1599.8,65.4,-1801.8,75.9
294,64,handbag,857.3,326.1,941.1,442.0
294,65,person,638.8,204.6,679.6,370.8
294,67,person,597.6,323.0,728.3,573.4
294,68,handbag,784.1,-219.8,1427.7,619.4
295,1,person,290.5,264.8,393.3,563.3
295,2,person,550.3,198.0,606.4,330.6
295,4,person,758.2,231.5,1047.8,714.4
295,5,person,795.4,281.0,903.1,568.8
295,11,person,349.6,236.3,413.3,382.9
295,14,person,208.4,280.3,312.8,567.2
295,15,person,1024.4,242.7,1224.3,725.6
295,29,person,701.6,191.5,738.8,363.8
295,43,person,747.3,301.9,834.4,565.5
295,47,handbag,881.6,344.5,940.3,428.7
295,52,person,469.7,264.1,578.7,582.5
295,58,backpack,216.9,347.2,266.4,454.1
295,63,person,-1754.6,47.9,-1974.0,41.0
295,64,handbag,855.8,325.3,941.0,442.5
295,65,person,611.2,177.3,633.5,325.0
295,67,person,590.4,267.6,740.9,560.9
295,68,handbag,748.2,-279.6,1442.3,610.0
296,1,person,293.4,266.5,396.5,561.5
296,2,person,552.4,196.5,611.9,332.6
296,4,person,745.8,230.6,1030.8,712.7
296,5,person,790.1,278.6,903.3,571.9
296,11,person,349.8,235.6,414.1,382.8
296,14,person,216.8,281.6,318.7,561.7
296,15,person,1015.6,245.2,1225.1,725.3
296,29,person,710.2,198.1,752.3,368.5
296,43,person,746.4,300.7,836.6,567.4
296,47,handbag,881.5,344.6,940.1,428.5
296,52,person,465.7,263.9,576.4,583.0
296,58,backpack,223.8,356.3,264.6,454.6
296,64,handbag,854.3,324.5,940.9,443.1
296,65,person,583.6,149.9,587.5,279.2
296,67,person,590.1,260.3,739.1,561.4
296,68,handbag,712.4,-339.4,1456.9,600.6
297,1,person,295.6,265.7,399.2,559.1
297,2,person,554.5,195.0,617.5,334.5
297,4,person,732.6,230.0,1012.8,712.0
297,5,person,784.9,276.3,903.4,575.0
297,11,person,350.1,235.0,414.9,382.7
297,14,person,219.8,282.6,315.3,555.2
297,15,person,1012.5,248.3,1227.9,724.8
297,29,person,714.8,202.6,757.4,369.5
297,43,person,745.6,299.6,838.8,569.3
297,47,handbag,881.4,344.6,939.8,428.4
297,52,person,464.2,262.7,575.1,579.5
297,58,backpack,230.7,365.5,262.7,455.0
297,65,person,581.5,297.6,670.4,540.4
297,67,person,593.8,259.6,736.7,561.1
297,68,handbag,676.6,-399.2,1471.5,591.2
298,1,person,297.5,259.9,405.8,557.0
298,2,person,556.5,193.5,623.0,336.5
298,4,person,707.6,228.6,993.4,714.2
298,5,person,779.6,274.0,903.5,578.0
298,11,person,350.3,234.4,415.7,382.6
298,14,person,219.6,278.7,314.6,551.0
298,15,person,1012.4,250.6,1230.6,723.0
298,29,person,716.7,205.3,760.4,371.0
298,43,person,744.7,298.5,841.0,571.2
298,47,handbag,881.4,344.6,939.6,428.2
298,52,person,462.3,260.9,573.7,574.1
298,58,backpack,237.6,374.6,260.9,455.4
298,65,person,584.0,319.5,673.5,574.1
298,67,person,593.6,254.9,737.6,557.5
298,68,handbag,640.8,-459.0,1486.1,581.8
299,1,person,300.7,258.4,409.8,555.4
299,2,person,558.6,192.0,628.6,338.5
299,4,person,683.6,228.7,972.3,715.2
299,5,person,774.4,271.6,903.7,581.1
299,11,person,350.6,233.7,416.5,382.5
299,14,person,222.7,274.0,320.5,549.0
299,15,person,1012.9,252.0,1232.1,720.4
299,29,person,717.3,207.2,760.6,369.6
299,43,person,743.9,297.3,843.2,573.1
299,47,handbag,881.3,344.6,939.4,428.1
299,52,person,459.3,260.3,573.4,574.7
299,58,backpack,244.5,383.8,259.1,455.9
299,65,person,589.4,325.2,675.1,581.7
299,67,person,593.5,250.2,738.5,553.8
299,68,handbag,605.0,-518.8,1500.7,572.4
300,1,person,303.9,260.9,410.0,553.8
300,2,person,560.7,190.5,634.1,340.4
300,4,person,662.5,230.9,951.6,716.0
300,5,person,769.1,269.3,903.8,584.1
300,11,person,361.0,232.6,392.9,328.3
300,14,person,223.7,271.7,324.3,550.2
300,15,person,1013.0,252.2,1233.7,718.7
300,29,person,719.4,208.8,761.4,370.1
300,43,person,743.1,296.2,845.3,574.9
300,47,handbag,881.2,344.6,939.1,428.0
300,52,person,457.4,258.5,573.0,571.7
300,58,backpack,251.4,392.9,257.3,456.3
300,65,person,593.9,326.3,673.7,579.8
300,67,person,593.3,245.5,739.4,550.2
301,1,person,305.1,264.3,409.5,554.5
301,2,person,561.1,222.2,619.2,363.8
301,4,person,643.5,233.5,931.2,715.7
301,5,person,858.3,275.1,929.0,458.1
301,11,person,359.8,233.6,394.0,322.7
301,14,person,226.9,272.6,325.7,549.4
301,15,person,1012.8,252.9,1234.7,717.7
301,29,person,721.4,210.5,762.3,370.6
301,43,person,742.2,295.1,847.5,576.8
301,47,handbag,881.1,344.7,938.9,427.8
301,52,person,457.4,256.4,572.9,565.1
301,58,backpack,232.3,290.2,315.9,434.4
301,65,person,593.6,303.5,689.0,576.1
301,67,person,593.2,240.8,740.4,546.6
302,1,person,307.7,267.1,410.2,555.5
302,2,person,564.8,225.4,620.1,367.1
302,4,person,625.0,238.5,909.1,715.4
302,5,person,839.7,288.8,950.6,537.1
302,11,person,358.8,234.3,396.6,321.0
302,14,person,231.3,275.8,330.7,551.9
302,15,person,1012.1,253.4,1235.0,717.3
302,29,person,723.5,212.2,763.1,371.0
302,43,person,741.4,293.9,849.7,578.7
302,47,handbag,876.0,337.3,945.6,437.4
302,52,person,457.8,254.9,573.6,560.2
302,58,backpack,235.1,283.3,323.1,431.7
302,65,person,590.9,274.2,701.1,570.2
302,67,person,593.0,236.0,741.3,543.0
303,1,person,309.9,270.2,411.0,556.7
303,2,person,567.4,225.1,621.1,367.2
303,4,person,606.9,239.6,889.8,715.4
303,5,person,830.2,296.2,953.6,569.1
303,11,person,359.7,232.8,396.0,318.1
303,14,person,232.7,279.0,331.4,552.1
303,15,person,1012.0,254.0,1235.3,716.9
303,29,person,820.3,298.9,923.1,553.5
303,43,person,740.6,292.8,851.9,580.6
303,47,handbag,880.5,345.7,944.5,436.8
303,52,person,457.1,255.0,573.8,558.2
303,58,backpack,241.2,291.2,319.0,427.5
303,65,person,588.4,254.6,699.5,565.0
303,67,person,592.8,231.3,742.2,539.3
304,1,person,312.5,271.7,412.1,556.7
304,2,person,569.9,223.9,622.1,365.3
304,4,person,583.7,242.4,867.0,716.9
304,5,person,826.6,302.5,933.3,573.7
304,11,person,360.5,231.3,395.5,315.1
304,14,person,236.5,281.6,330.5,550.6
304,15,person,1012.0,254.8,1235.4,716.7
304,29,person,845.3,325.4,970.2,602.0
304,43,person,739.7,291.6,854.1,582.4
304,47,handbag,882.1,348.4,945.4,436.3
304,52,person,456.0,254.8,573.3,557.4
304,58,backpack,247.1,311.7,316.6,430.4
304,65,person,584.0,237.8,705.9,558.9
304,67,person,592.7,226.6,743.1,535.7
305,1,person,314.6,273.0,411.9,556.2
305,2,person,570.8,220.3,625.0,366.2
305,4,person,562.0,246.3,845.2,718.0
305,5,person,826.6,300.8,923.1,572.7
305,11,person,361.4,229.8,394.9,312.2
305,14,person,241.7,282.8,334.4,549.6
305,15,person,1012.0,255.1,1235.7,716.6
305,29,person,870.4,351.8,1017.3,650.5
305,43,person,773.9,295.3,844.4,536.0
305,47,handbag,883.2,348.4,947.6,436.2
305,52,person,453.8,254.5,571.9,557.0
305,58,backpack,250.1,324.1,316.0,431.5
305,65,person,579.7,220.9,712.3,552.8
305,67,person,592.5,221.9,744.1,532.1
306,1,person,317.0,272.0,413.2,553.7
306,2,person,572.3,211.0,632.8,367.6
306,4,person,539.5,247.8,824.2,718.3
306,5,person,827.2,298.8,918.5,571.2
306,11,person,362.3,228.3,394.4,309.2
306,14,person,245.9,284.2,335.1,548.6
306,15,person,1011.9,255.0,1235.7,716.4
306,29,person,895.4,378.3,1064.4,699.0
306,43,person,777.9,294.6,844.8,531.6
306,47,handbag,883.6,348.2,949.6,436.5
306,52,person,451.5,255.2,569.0,557.3
306,58,backpack,251.3,317.4,323.4,430.7
306,65,person,575.4,204.0,718.7,546.7
306,67,person,592.3,217.2,745.0,528.5
307,1,person,319.6,271.0,416.7,552.4
307,2,person,572.8,205.7,639.1,368.0
307,4,person,523.1,246.1,809.1,717.4
307,5,person,829.4,296.4,917.6,570.0
307,11,person,363.2,226.8,393.8,306.3
307,14,person,250.3,282.4,341.2,548.0
307,15,person,1011.7,254.6,1235.7,716.2
307,29,person,734.6,211.3,766.5,367.5
307,43,person,756.0,298.4,831.7,546.8
307,47,handbag,883.2,347.5,951.2,437.4
307,52,person,449.7,256.4,565.3,557.0
307,58,backpack,252.0,309.1,329.8,430.1
307,65,person,571.0,187.2,725.1,540.6
307,67,person,592.2,212.5,745.9,524.9
308,1,person,321.8,270.1,418.9,550.2
308,2,person,573.2,200.3,645.4,368.5
308,4,person,505.3,242.9,792.8,715.7
308,5,person,831.5,293.0,918.0,569.0
308,11,person,364.1,225.3,393.3,303.3
308,14,person,255.4,281.3,346.3,545.9
308,15,person,1011.5,254.2,1235.7,716.1
308,29,person,718.4,200.3,750.5,349.0
308,43,person,749.9,300.7,828.5,555.3
308,47,handbag,883.0,346.9,952.2,437.7
308,52,person,448.3,258.5,559.3,555.5
308,58,backpack,256.1,314.1,330.6,430.3
308,65,person,566.7,170.3,731.5,534.4
308,67,person,592.0,207.8,746.8,521.2
309,1,person,325.6,268.9,420.1,541.6
309,2,person,573.7,195.0,651.6,369.0
309,4,person,488.7,240.5,775.6,713.9
309,5,person,833.1,291.0,919.3,569.1
309,11,person,365.0,223.8,392.7,300.4
309,14,person,261.3,276.5,362.6,546.7
309,15,person,1011.3,254.3,1235.3,716.1
309,29,person,714.4,199.4,751.9,349.5
309,43,person,747.4,300.7,829.3,563.2
309,47,handbag,883.1,346.6,953.1,438.1
309,52,person,447.0,260.0,555.5,556.0
309,58,backpack,255.7,294.2,335.6,423.1
309,65,person,562.4,153.4,738.0,528.3
309,67,person,591.9,203.1,747.7,517.6
310,1,person,328.3,269.1,421.6,537.4
310,2,person,574.1,189.7,657.9,369.4
310,4,person,475.5,239.8,758.8,713.4
310,5,person,832.5,289.2,920.5,569.7
310,11,person,365.9,222.2,392.2,297.4
310,14,person,263.9,267.2,376.8,547.3
310,15,person,1011.3,254.1,1235.3,716.0
310,29,person,716.4,202.6,757.2,353.3
310,43,person,747.6,300.4,832.5,569.1
310,47,handbag,883.3,345.6,953.7,437.6
310,52,person,446.8,260.1,552.3,551.8
310,58,backpack,257.0,283.6,338.3,421.0
310,65,person,835.4,285.5,942.7,574.9
310,67,person,591.7,198.4,748.7,514.0
310,73,backpack,883.7,347.1,953.4,439.4
311,1,person,329.6,270.3,421.8,535.9
311,2,person,645.1,195.1,695.6,331.8
311,4,person,479.4,242.0,742.5,708.4
311,5,person,836.3,284.4,941.4,574.8
311,11,person,366.8,220.7,391.6,294.5
311,14,person,264.9,258.6,381.9,543.8
311,15,person,1011.3,253.9,1235.3,715.9
311,29,person,719.5,205.5,761.8,356.0
311,43,person,749.1,298.9,834.4,569.1
311,47,handbag,883.5,344.9,954.6,437.6
311,52,person,446.3,258.7,546.5,542.3
311,58,backpack,256.7,274.5,343.1,416.9
311,65,person,881.3,294.6,983.3,578.7
311,67,person,591.5,193.6,749.6,510.4
311,73,backpack,883.5,347.1,953.7,438.4
312,1,person,329.3,264.5,423.2,533.3
312,2,person,647.3,197.1,703.4,340.5
312,4,person,445.1,236.9,719.8,713.6
312,5,person,838.2,283.2,951.0,575.8
312,11,person,367.7,219.2,391.1,291.5
312,14,person,268.2,258.0,384.5,539.3
312,15,person,1011.4,253.7,1235.2,715.8
312,29,person,720.2,203.9,766.0,357.9
312,43,person,750.1,297.9,834.8,568.4
312,47,handbag,883.7,344.2,955.4,437.6
312,52,person,456.4,247.7,523.8,468.0
312,58,backpack,256.4,265.4,347.9,412.8
312,65,person,338.1,251.1,428.5,534.9
312,67,person,591.4,188.9,750.5,506.7
312,73,backpack,883.8,346.7,953.7,437.8
313,1,person,331.0,259.0,422.3,525.0
313,2,person,656.1,196.0,714.5,341.7
313,4,person,421.1,234.1,698.1,714.4
313,5,person,837.5,282.6,954.0,575.0
313,11,person,368.5,217.7,390.5,288.6
313,14,person,265.6,252.0,362.5,524.3
313,15,person,1011.6,253.7,1235.2,715.6
313,29,person,721.3,204.5,767.9,358.6
313,43,person,750.9,297.0,834.5,566.5
313,47,handbag,883.8,343.5,956.2,437.5
313,52,person,455.6,245.3,512.8,437.1
313,58,backpack,256.2,256.2,352.7,408.7
313,65,person,127.2,238.6,212.0,516.8
313,73,backpack,884.0,346.3,953.6,437.2
314,1,person,334.1,255.0,422.7,518.6
314,2,person,664.9,194.9,725.6,342.9
314,4,person,401.6,233.5,676.3,714.5
314,5,person,836.0,282.9,954.4,574.1
314,11,person,369.4,216.2,390.0,285.6
314,14,person,265.5,247.5,352.5,516.9
314,15,person,1012.5,253.4,1239.1,716.6
314,29,person,722.7,206.2,768.9,358.5
314,43,person,751.4,296.2,834.9,566.2
314,47,handbag,884.0,342.9,957.0,437.5
314,52,person,581.4,291.0,667.8,510.6
314,58,backpack,255.9,247.1,357.5,404.6
314,65,person,-83.7,226.1,-4.5,498.7
314,73,backpack,884.2,345.9,953.6,436.6
315,1,person,338.8,264.2,422.1,519.3
315,2,person,597.8,207.2,633.7,325.7
315,4,person,382.1,234.0,657.1,714.4
315,5,person,834.8,285.1,952.8,572.6
315,11,person,342.9,229.5,398.4,318.4
315,14,person,268.6,243.5,353.1,512.9
315,15,person,1012.3,252.4,1240.7,716.7
315,29,person,723.2,206.4,769.4,357.4
315,43,person,751.8,295.2,836.4,566.3
315,47,handbag,884.2,342.2,957.9,437.5
315,52,person,648.8,308.9,743.2,536.4
315,58,backpack,255.6,237.9,362.3,400.6
315,65,person,-294.5,213.6,-221.0,480.5
315,73,backpack,884.1,346.0,956.1,437.5
316,1,person,342.2,266.2,424.4,518.5
316,2,person,590.9,208.8,622.7,320.0
316,4,person,374.2,237.2,638.6,711.6
316,5,person,834.7,286.4,951.7,571.4
316,11,person,343.9,230.6,400.6,316.5
316,14,person,272.2,242.3,356.1,512.3
316,15,person,1012.0,252.9,1238.9,716.1
316,29,person,724.5,207.7,768.6,355.4
316,43,person,752.4,294.4,837.9,566.4
316,47,handbag,884.4,341.5,958.7,437.4
316,52,person,808.7,298.9,917.5,561.1
316,58,backpack,255.4,228.8,367.1,396.5
316,65,person,-505.4,201.1,-437.5,462.4
316,73,backpack,883.8,344.8,957.5,437.5
317,1,person,344.2,263.0,429.3,518.1
317,2,person,579.1,291.7,665.6,490.8
317,4,person,364.5,239.9,621.6,711.0
317,5,person,833.5,287.0,952.5,571.3
317,11,person,344.9,230.7,401.2,316.1
317,14,person,277.7,254.4,356.4,514.5
317,15,person,1012.0,253.1,1238.9,716.3
317,29,person,725.4,209.1,768.8,354.5
317,43,person,752.5,294.3,837.5,566.2
317,47,handbag,884.5,340.8,959.5,437.4
317,52,person,675.2,244.6,706.6,404.4
317,58,backpack,255.1,219.7,371.9,392.4
317,65,person,-716.3,188.6,-654.0,444.3
317,73,backpack,883.7,343.8,958.4,437.5
318,1,person,346.9,261.9,432.5,517.6
318,2,person,580.7,327.5,682.6,563.4
318,4,person,345.8,242.0,602.9,713.1
318,5,person,833.1,287.1,953.3,571.1
318,11,person,345.9,230.7,401.8,315.8
318,14,person,281.3,264.3,355.6,515.7
318,15,person,1011.8,253.6,1237.1,715.6
318,29,person,724.2,209.1,770.2,355.5
318,43,person,752.3,293.8,837.8,566.4
318,47,handbag,884.7,340.1,960.3,437.4
318,52,person,603.0,219.7,609.1,337.6
318,58,backpack,254.9,210.5,376.6,388.3
318,65,person,-927.2,176.1,-870.5,426.2
318,73,backpack,883.7,342.9,959.4,437.6
319,1,person,765.4,284.4,864.6,560.8
319,2,person,586.5,335.5,683.7,581.9
319,4,person,324.3,242.8,585.1,715.0
319,5,person,832.9,286.7,953.3,570.6
319,11,person,346.8,230.8,402.4,315.5
319,14,person,281.7,264.6,358.8,516.4
319,15,person,1012.0,252.8,1237.9,715.5
319,29,person,724.4,209.5,771.6,355.8
319,43,person,752.3,293.5,837.2,565.8
319,47,handbag,884.9,339.4,961.1,437.3
319,52,person,570.9,212.0,577.5,318.5
319,58,backpack,254.6,201.4,381.4,384.2
319,65,person,-1138.1,163.6,-1087.1,408.1
319,73,backpack,883.7,341.9,960.4,437.6
319,76,handbag,1004.8,512.1,1064.1,667.4
320,1,person,863.7,290.6,958.0,570.3
320,2,person,591.5,330.2,679.7,579.2
320,4,person,309.1,243.2,570.1,714.9
320,5,person,832.4,286.2,952.6,570.0
320,11,person,347.8,230.9,403.0,315.2
320,14,person,284.6,267.3,363.2,516.2
320,15,person,1012.3,252.8,1239.4,716.0
320,29,person,726.0,209.6,772.9,354.0
320,43,person,753.0,293.5,836.6,564.7
320,47,handbag,885.1,338.7,962.0,437.3
320,52,person,561.7,212.6,577.3,319.3
320,58,backpack,254.3,192.2,386.2,380.1
320,65,person,-1349.0,151.1,-1303.6,389.9
320,73,backpack,883.8,344.9,959.7,439.7
320,76,handbag,1005.0,511.8,1064.1,667.1
321,1,person,880.5,290.1,973.4,573.0
321,2,person,594.5,320.5,676.5,572.5
321,4,person,292.4,243.8,553.5,715.7
321,5,person,830.8,284.4,952.5,569.8
321,11,person,265.3,261.2,576.2,686.7
321,14,person,522.4,220.5,546.2,385.7
321,15,person,1012.7,252.3,1241.1,716.3
321,29,person,728.0,209.4,774.6,353.8
321,43,person,754.4,293.4,835.7,562.7
321,47,handbag,885.2,338.1,962.8,437.3
321,52,person,563.6,217.0,586.1,324.1
321,58,backpack,254.1,183.1,391.0,376.0
321,65,person,-1559.9,138.6,-1520.1,371.8
321,73,backpack,883.8,345.0,960.2,440.3
321,76,handbag,1005.1,511.5,1064.1,666.7
322,1,person,866.8,287.8,959.0,572.4
322,2,person,592.3,292.1,679.1,564.4
322,4,person,272.1,237.1,538.1,714.9
322,5,person,829.7,284.0,950.3,569.1
322,11,person,241.4,271.1,621.2,765.5
322,14,person,608.9,241.6,715.7,497.5
322,15,person,1012.7,252.5,1240.3,716.1
322,29,person,729.7,208.4,776.3,353.3
322,43,person,755.5,293.2,834.6,561.0
322,47,handbag,885.4,337.4,963.6,437.2
322,52,person,567.2,221.3,594.6,328.0
322,58,backpack,253.8,174.0,395.8,371.9
322,65,person,-1770.7,126.1,-1736.6,353.7
322,73,backpack,884.1,345.9,959.4,439.6
322,76,handbag,1005.3,511.3,1064.1,666.4
323,1,person,686.5,269.3,804.3,572.1
323,2,person,593.9,282.7,678.1,561.5
323,4,person,255.6,233.6,526.1,715.4
323,5,person,827.2,287.0,934.3,565.8
323,11,person,1097.3,311.5,1213.9,596.6
323,14,person,645.1,215.2,687.5,381.9
323,15,person,1012.9,252.7,1240.7,716.3
323,29,person,731.2,207.0,777.7,351.9
323,43,person,756.1,292.7,834.5,560.1
323,47,handbag,879.1,324.5,961.7,438.2
323,52,person,570.8,226.1,598.2,328.7
323,58,backpack,253.6,164.8,400.6,367.9
323,65,person,-1981.6,113.6,-1953.1,335.6
323,73,backpack,884.4,346.3,959.2,439.7
323,76,handbag,1005.4,511.1,1064.2,666.0
324,1,person,477.3,258.3,582.2,546.6
324,2,person,598.4,292.2,673.3,563.2
324,4,person,242.5,231.5,514.0,714.7
324,5,person,827.0,287.6,926.4,564.7
324,11,person,1276.5,312.2,1343.7,572.2
324,14,person,642.7,202.7,660.1,325.3
324,15,person,1013.4,253.0,1241.3,716.4
324,29,person,734.0,211.8,776.9,351.2
324,43,person,756.5,292.2,835.1,559.8
324,47,handbag,880.1,324.8,961.0,439.0
324,52,person,572.4,228.5,600.9,329.0
324,58,backpack,253.3,155.7,405.4,363.8
324,65,person,-2192.5,101.2,-2169.6,317.5
324,73,backpack,883.2,342.0,959.8,439.1
324,76,handbag,1006.0,512.8,1065.9,667.6
325,1,person,395.3,255.4,496.4,536.0
325,2,person,600.9,297.9,670.9,564.9
325,4,person,228.6,230.1,500.8,714.4
325,5,person,828.3,286.8,924.2,565.2
325,11,person,1534.6,331.7,1549.3,539.1
325,14,person,630.4,200.9,645.1,306.2
325,15,person,1013.6,253.5,1241.3,716.7
325,29,person,736.3,210.0,779.9,349.3
325,43,person,756.6,291.6,835.6,559.4
325,47,handbag,881.2,326.8,960.3,439.8
325,52,person,573.0,228.8,603.1,328.5
325,58,backpack,253.0,146.6,410.2,359.7
325,65,person,-2403.4,88.7,-2386.1,299.3
325,73,backpack,883.1,341.3,959.4,439.3
325,76,handbag,1006.3,513.0,1066.3,667.8
326,1,person,378.8,254.5,482.6,533.0
326,2,person,602.5,302.7,670.7,566.6
326,4,person,212.7,227.9,486.9,714.5
326,5,person,834.6,282.9,937.4,567.8
326,11,person,1792.7,351.2,1754.8,506.1
326,14,person,605.1,270.8,717.5,483.0
326,15,person,1013.7,252.7,1242.0,716.7
326,29,person,737.6,209.0,782.3,350.1
326,43,person,756.6,291.5,834.2,558.0
326,47,handbag,880.2,325.4,960.3,440.3
326,52,person,572.4,227.2,604.8,328.5
326,65,person,-2614.3,76.2,-2602.6,281.2
326,73,backpack,882.6,340.4,959.6,439.1
326,76,handbag,1006.6,513.2,1066.7,668.1
327,1,person,382.6,253.3,493.5,533.8
327,2,person,603.0,303.6,672.1,567.1
327,4,person,199.9,228.1,472.1,713.7
327,5,person,838.7,280.5,947.0,569.4
327,11,person,2050.8,370.7,1960.4,473.0
327,14,person,597.0,305.6,745.7,560.8
327,15,person,1013.6,252.1,1242.1,716.6
327,29,person,740.6,208.1,783.3,347.1
327,43,person,756.6,291.1,834.5,557.3
327,47,handbag,878.6,323.5,959.2,439.6
327,52,person,573.1,227.8,605.0,328.0
327,65,person,-2825.2,63.7,-2819.1,263.1
327,73,backpack,882.2,339.6,959.7,438.8
327,76,handbag,901.5,347.5,954.6,461.6
327,77,person,1216.9,288.3,1279.9,705.3
327,79,person,836.7,282.1,923.2,569.3
328,1,person,393.6,254.2,507.8,534.4
328,2,person,603.0,303.8,673.1,567.0
328,4,person,196.7,228.4,467.7,713.5
328,5,person,840.2,279.9,950.2,569.7
328,11,person,2308.9,390.2,2165.9,439.9
328,14,person,597.3,317.4,750.2,581.6
328,15,person,1013.6,251.9,1242.0,716.6
328,29,person,741.5,207.7,783.6,345.9
328,43,person,756.6,290.9,835.0,557.1
328,47,handbag,877.8,322.6,958.6,439.3
328,52,person,573.2,228.3,604.9,327.7
328,73,backpack,881.7,338.7,959.9,438.6
328,76,handbag,883.8,326.4,942.1,430.6
328,77,person,1216.6,288.4,1279.9,705.6
328,79,person,836.7,282.3,923.4,569.5
328,80,person,359.5,230.3,392.9,305.8
